Brand,rank,note,
0,サガール ,,
1%,サガール ,,
44,サガール ,,
291,サガール ,,
430,サガール ,,
501,サガール ,,
603,サガール ,,
666,SASAGE,,
999.9,SASAGE,中高,
1921,サガール ,,
6126,サガール ,,
9090,サガール,,
Apr-77,サガール ,,
6-May,サガール ,,
1982114251,サガール ,,
- W. -,SASAGE,,
＆ by P＆D,サガール ,,
＆ choice,サガール ,,
&.NOSTARGIA,サガール,,
＆LOVE,サガール ,,
＆N,サガール ,,
＆OtherStories,サガール ,,
＆premium,サガール ,,
＆things SELECT,サガール ,,
.,サガール ,,
...andJump,サガール ,,
.9 point nine,サガール ,,
.efiLevol,SASAGE,,
:CASE,SASAGE,,
＋41 PROJECT,SASAGE,,
+8PARIS ROCK,サガール ,,
02DERIV., SASAGE,,
08sircus,SASAGE,※商社必須 中高,
1 piu 1 uguale 3, SASAGE,,
1 to 10 people,サガール ,,
1/2 Un-Demi MIHOKO SAITO,サガール ,,
1_OF_MINE,サガール,,
1017 ALYX 9SM,SASAGE,※フェイク注意 ※原産国表必須　中高,
10AC,サガール ,,
10Deep,サガール,,
120% lino,サガール,,
15jyugo,サガール,,
18th AMENDMENT,サガール,,
1984 BROADCAST THE MESSAGE,サガール,,
1metre carre,サガール,,
1piu1uguale3 RELAX, SASAGE,,
1パーセント,サガール,,
2 class.ics,サガール,,
2% TOKYO,サガール,,
"20,000,000fragments",サガール,,
20/80,サガール,,
202FACTORY,サガール,,
22 OCTOBRE,サガール,,
23区,SASAGE,,
23区 HOMME,サガール,,
23区 MY STANDARD,サガール,,
24karats,サガール,※商社必須 ,
24SURF_,サガール,,
291295＝HOMME,サガール,,
2B FREE,サガール,,
2-tacs,SASAGE,,
3.1 Phillip Lim,SASAGE,※商社必須 　中高,
3×1,サガール,,
31 sons de mode,サガール,,
330days,サガール,,
3rd by VANQUISH,サガール,,
40ｃｔ＆525,サガール,,
417byEDIFICE,SASAGE,,
424-FourTwoFour on Fairtax,SASAGE,※真贋必須,
45R,SASAGE,,
４７ BRAND,SASAGE,,
4℃,サガール,アクセサリー以外,
5+1 ANNAPURNA,サガール,,
50DUPPIES, SASAGE,※アウターのみ,
5351 POUR LES FEMMES,SASAGE,,
5351 POUR LES HOMMES,SASAGE,,
5525Gallery,SASAGE,,
55DSL,SASAGE,※商社必須 ※フェイク注意,
575Denim,サガール,,
5PREVIEW,サガール,,
6 ROKU,SASAGE,,
64 to the inch,サガール,,
68＆brothers,サガール,,
6゜vocale,サガール,,
77CIRCA, SASAGE,中高,
7-ID concept.,サガール,,
7Union,SASAGE,,
8010 GEKKO,サガール,,
81LDK,サガール,,
9*4,サガール,,
92nd Street shoe makers,サガール,,
A,サガール,,
A BATHING APE,SASAGE,※フェイク注意 中高,
A DAY IN THE LIFE UNITED ARROWS,サガール,,
A DAY IN THE LIFE UNITED ARROWS,サガール,,
A FEW GOOD KIDS,SASAGE,※フェイク注意 ,
A GOOD TIME PRODUCTION,サガール,,
A PAIR,サガール,,
A part by,サガール,,
A PRESSE,SASAGE,中高,
a primary,サガール,,
A STORE,サガール,,
A VONTADE,SASAGE,,
A＆G,SASAGE,※ギャラ必須 ,
A.BOTTEGA,SASAGE,,
A.D.A.D. DITIONAL.JAPAN,サガール,,
A.D.M.J,SASAGE,,
A.D.S.R., SASAGE,中高,
A.F.VANDEVORST,SASAGE,,
A.I.P,サガール,,
A.P.C.,SASAGE,※商社必須 ※フェイク注意,
A.S.M,サガール,,
A.TAKA,サガール,,
a.v.max,サガール,,
a.v.v,サガール,,
A.W.A,サガール,,
A・I・C,サガール,,
AAA,サガール,,
AAA+,サガール,,
ABAHOUSE,サガール,,
ABAHOUSE ECRU,サガール,,
Abas,サガール,,
Abbey DAWN,サガール,,
Abel,サガール,,
Abercrombie＆Fitch,SASAGE,※フェイク注意 ,
ability,サガール,,
ABITOKYO,サガール,,
ABRO,サガール,,
abtech,サガール,,
AbuGarcia,SASAGE,,
ACANTHUS,SASAGE,,
ACAPULCO GOLD,SASAGE,,
acca,サガール,,
Accentual,サガール,,
accessoire,サガール,,
Accessoires De Mademoiselle,SASAGE,,
Accessorize,サガール,,
ACCESSORY SELECTION.,サガール,,
accomodo,サガール,,
ace.,SASAGE,,
ACEbyMORIZANE,SASAGE,,
ACEGENE,SASAGE,,
Achic,サガール,,
ACHIEVERS,サガール,,
Acid Couture,サガール,,
ACME FURNITURE,SASAGE,,
ACNE,SASAGE ,※商社必須　,
Acne Jeans,SASAGE ,※商社必須,
Acne Studios,SASAGE ,※商社必須　中高,
A-COLD-WALL, SASAGE,中高,
Acoustic,サガール,,
ACRONYM,SASAGE,※真贋必須　中高,
active stuff,サガール,,
ACTS OF FAITH,サガール,,
actuel,サガール,,
Acupuncture,サガール,,
AD56,サガール,,
Ada.,サガール,,
adabat, SASAGE,,
Adam et Rope',SASAGE,,
ADAM KIMMEL,SASAGE,,
ADAM PATEK,サガール,,
adamsJUGGLER,サガール,,
ADAWAS,サガール,,
add,サガール,,
addaptation,サガール,,
addenda,サガール,,
ADDICT,サガール,,
address,サガール,,
ADER ERROR,SASAGE,※フェイク注意 中高,
adidas,SASAGE,※フェイク注意 ,
adidas originals,SASAGE,,
ADIDAS×JEREMY SCOTT,SASAGE,※フェイク注意 ,
ADIEU,SASAGE,,
ADIEU TRISTESSE,サガール,,
ADIEV,SASAGE,,
aditional,サガール,,
Admiral,サガール,,
ADOLFO DOMINGUEZ,SASAGE,,
adonis green,サガール,,
Adonisis,サガール,,
ADONUST.Y,サガール,,
ADORE, SASAGE,中高,
ADORNOR,サガール,,
ADPOSION,サガール,,
ADSR,SASAGE,,
Advantage cycle,サガール,,
AERIN,SASAGE,,
Aeta,SASAGE,中高,
AFFA, SASAGE,,
Afternoon Tea,サガール,,
Afternoon Tea Living,サガール,,
AG,サガール,,
AG by aquagirl,サガール,,
Agatha,サガール,,
AgAwd,サガール,,
AGE,サガール,,
agete, SASAGE,※貴金属あり,
Aglaia,サガール,,
agnes b., SASAGE,,
AGNET.H/L,サガール,,
AGOSTO,サガール,,
ah,サガール,,
ahcahcum,サガール,,
AHKAH,SASAGE,※フェイク注意 ,
ahkahblanc,SASAGE,,
AHUM,サガール,,
AIC.,サガール,,
AIE,SASAGE,中高,
AIGLE,サガール,,
Aima+saie,サガール,,
aimer le mieux,サガール,,
aimo richly,サガール,,
Ain Soph,サガール,,
AIR SPACE LADY,サガール,,
airlogette,サガール,,
Airpapel,サガール,,
airwalk,サガール,,
ajew,サガール,,
AKA New York,サガール,,
AKANE UTSUNOMIYA, SASAGE,中高,
akiko ogawa,サガール,,
AKIRA NAKA,SASAGE,中高,
AKM,SASAGE,,
AKUALANI,サガール,,
AL e RO design,サガール,,
alabama,サガール,,
ALAIA,サガール,,
ALBANO,サガール,,
ALBAROSA,サガール,,
ALBEROLA,サガール,,
ALBERTA FERRETTI,サガール,,
alberto biani,サガール,,
ALBERTO FERMANI,サガール,,
alcali,サガール,,
ALCHIMIA,サガール,,
ALDEN, SASAGE,中高,
ALDIES,SASAGE,,
ALDO,サガール,,
Alejandra Quesada,サガール,,
Alejandro Ingelmo,サガール,,
Alesbury,サガール,,
Alessandro dell'Acqua,サガール,,
Aleve,サガール,,
ALEX STREETER,SASAGE,※真贋必須,
ALEXA CHUNG for AG,SASAGE,,
Alexander McQueen,SASAGE,※商社必須 　中高,
Alexander McQUEEN PUMA,SASAGE,※商社必須 　中高,
Alexander Wang, SASAGE,中高,
ALEXANDER YAMAGUCHI,サガール,,
AlexanderLeeChang, SASAGE,,
Alexandre Birman,SASAGE,,
ALEXANDRE DE PARIS,SASAGE,,
ALEXANDRE HERCHCOVITCH,サガール,,
ALEXIA,サガール,,
ALEXIS MABILLE,SASAGE,,
Alfred Sargent,SASAGE,,
alfredoBANNISTER,SASAGE,,
ALGY,サガール,,
ALIAS,サガール,,
Alice and Olivia,サガール,,
ALICE by temperley,サガール,,
Alice Ritter,サガール,,
Alice Roi,サガール,,
ALICE SAN DIEGO,サガール,,
Alice+Olivia,サガール,,
aliceMcCALL,サガール,,
ALIFE,サガール,,
ALIMA,サガール,,
alima PURE,サガール,,
ALISTAIR,サガール,,
ALL BLACK,サガール,,
ALL GROWN UP blondy,サガール,,
ALL ORDINARIES,サガール,,
ALLEGE,サガール,,
ALLEN B.,サガール,,
ALLSAINTS,SASAGE,,
Alluge,サガール,,
allureville,サガール,,
ALLY ＆ DIA,サガール,,
Alma design,サガール,,
ALMOND,サガール,,
ALMOSTBLACK, SASAGE,,
alnair,サガール,,
Aloha Blossom,サガール,,
ALOYE,サガール,,
ALPHA,SASAGE,中高,
ALPHA CUBIC,サガール,,
ALPHA STYLE,サガール,,
ALPHANUMERIC,サガール,,
ALPO,サガール,,
ALSTYLE APPAREL＆ACTIVEWEAR,サガール,,
Altea,サガール,,
alternative,サガール,,
ALUMINA,サガール,,
ALYX, SASAGE,中高,
ALZUNI,SASAGE,,
amabro,サガール,,
AMACA, SASAGE,,
amachi.,SASAGE,,
AMANDA UPRICHARD,サガール,,
Amanjakania,サガール,,
Amavel,サガール,,
Amb,サガール,,
AMBALI,サガール,,
AMBELL,サガール,,
AMBIDEX,サガール,,
AMBOISE,サガール,,
Ambre Babzoe,サガール,,
AMBUSH,SASAGE,※フェイク注意 　中高,
AmebaShop,サガール,,
amelier MAJESTIC LEGON,サガール,,
amerge.,サガール,,
AMERI, SASAGE,,
American Eagle,サガール,,
AMERICAN HOLIC,サガール,,
AMERICAN RAG CIE,SASAGE,,
AMERICAN RETRO,SASAGE,,
American Slash,サガール,,
AMERICANA,SASAGE,,
amesun fishon,サガール,,
amherst,サガール,,
AMI paris, SASAGE,,
amie by miely,サガール,,
AMIMOC,サガール,,
Amina,サガール,,
AMIRI, SASAGE,中高,
AMIW,SASAGE,,
amok,サガール,,
amourire,サガール,,
amp japan,SASAGE,,
Ampersand,サガール,,
Amplified,サガール,,
amuｇrin,サガール,,
amyris,サガール,,
An MILLE,サガール,,
An+u,サガール,,
Anachronorm,SASAGE,,
ANALOG,サガール,,
analog lighting,サガール,,
ANAP,サガール,,
anap mimpi,サガール,,
anatelier,サガール,,
ANATOMICA,サガール,,
ANAYI,SASAGE,,
ANCELLM,SASAGE,中高,
ancheri,サガール,,
anchi,サガール,,
And A,サガール,,
AND CEL,サガール,,
and it_,サガール,,
and pre se,サガール,,
and wander, SASAGE,中高,
ANDEM,サガール,,
Andemiu,サガール,,
Andersen-Andersen,SASAGE,中高,
Andre Assous,サガール,,
ANDREA MABIANI,SASAGE,,
ANDREA MARQUES,サガール,,
andrea&co.,サガール,,
ANDREW,サガール,,
ANDREWMACKENZIE,サガール,,
ANDSUNS,サガール,,
Andy Warhol,SASAGE,,
an'ge,サガール,,
Ange Bloom,サガール,,
ANGELO BERVICATO,サガール,,
angelyue,サガール,,
ANGIE,サガール,,
Angler's House,サガール,,
ANGLO MANIA,サガール,,
ANGLOBAL SHOP,サガール,,
aniary,サガール,,
ANIEL,サガール,,
anima,サガール,,
Anisa,サガール,,
Anisha,サガール,,
ANITA ARENBERG,サガール,,
anme,サガール,,
Ann DEMEULEMEESTER,SASAGE,中高,
ANNA CORINNA,サガール,,
Anna Kerry,サガール,,
ANNA MOLINARI,サガール,,
Anna Sui,サガール,,
ANNABEL INGALL,サガール,,
Anne,サガール,,
anne basket,サガール,,
ANNE FONTAINE,SASAGE,,
ANNE KLEIN,サガール,,
ANNE VALERIE HASH,サガール,,
Anniel,サガール,,
Ann-Sofie Back,サガール,,
ANOKHA,サガール,,
ANOKHI,サガール,,
ANONYM CRAFTSMAN DESIGN,サガール,,
ANOTHER,サガール,,
ANOTHER BRANCH,サガール,,
Another Edition,サガール,,
another important culture,サガール,,
Anoutcommune,サガール,,
ANREALAGE,SASAGE,,
Ans Dotsloevner,SASAGE,,
ANSOMEONE,サガール,,
ANTEPRIMA,SASAGE,,
ANTEPRIMA MISTO,SASAGE,,
Antgauge,サガール,,
ANTHOLOGIE＆CO.,サガール,,
Anthony Peto,SASAGE,,
Anthony Thomas Melillo,サガール,,
ANTI SOCIAL SOCIAL CLUB, SASAGE,,
ANTICHI ROMANI,サガール,,
ANTIHERO,SASAGE,,
Antik Batik,SASAGE,,
ANTIK DENIM,サガール,※商社必須 ,
ANTIPAST,サガール,,
ANTIPODE,サガール,,
ANTIPODIUM,サガール,,
antiqua,サガール,,
ANTON HEUNIS,サガール,,
ANTONELLA GALASSO,サガール,,
Antoni ＆ Alison,サガール,,
ANTONIO BERARDI,SASAGE,,
ANTONIO DUCATI,サガール,,
antonio marras,SASAGE,,
anuans,サガール,,
ANVOCOEUR,サガール,,
any Fam,サガール,,
any SiS,サガール,,
ANYA HINDMARCH,SASAGE,,
aNYthing,サガール,,
ANYWHERE CHAIR,サガール,,
aor wardrobe,サガール,,
ap retro,サガール,,
apart by lowrys,サガール,,
APEE,サガール,,
aphorism,サガール,,
api baby,サガール,,
APPAMAN,サガール,,
APPLEBUM, SASAGE,中高,
apres jour migon,サガール,,
apres les cours,サガール,,
april may,サガール,,
April Records,サガール,,
Apuweiser Luxe,サガール,,
Apuweiser-riche,SASAGE,,
Aqua leaf,サガール,,
aquagarage,サガール,,
aquagirl,サガール,,
AQUAMARINE,サガール,,
Aquascutum, SASAGE,,
AQUOIBONISTE,SASAGE,,
aquvii,サガール,,
ar,サガール,,
ara・ara,サガール,,
ARCH INDIGO,サガール,,
archi,サガール,,
archieves,サガール,,
archives,サガール,,
ARC'TERYX,SASAGE,※商社必須 ※フェイク注意　中高,
ARDen B.,サガール,,
arena,サガール,,
Argent（あるじゃん）,SASAGE,※真贋必須,
ARGITAL,サガール,,
ARIANNA,サガール,,
ARIKI,サガール,,
ARISTOLASIA,サガール,,
ARIZONA,SASAGE,,
ark＆co.,サガール,,
ARMANI,SASAGE,※商社必須 ,
ARMANI COLLEZIONI,SASAGE,※商社必須 ,
ARMANI EXCHANGE,SASAGE,※商社必須 ,
ARMANI JEANS,SASAGE,※商社必須 ,
ARMED,サガール,,
ARMEN,サガール,,
Armor lux,サガール,,
Arnold Palmer,サガール,,
Arobe,サガール,,
AROMEDICA,サガール,,
Arpege,サガール,,
Arpenteur,サガール,,
arrive paris,サガール,,
Art of Soule,サガール,,
Ａｒｔ．,サガール,,
ART/BERG,サガール,,
Art-Direct,サガール,,
ARTEPOVERA,サガール,,
arth,サガール,,
Articles of Society,サガール,,
ARTINERO,サガール,,
ARTS ＆ CRAFTS,SASAGE,,
ARTS ＆ SCIENCE, SASAGE,,
artyz,サガール,,
arulle,サガール,,
Arvor Maree,サガール,,
AS as know as,サガール,,
as time goes by,サガール,,
AS2OV,サガール,,
ASEEDONCLOUD,サガール,,
ASH,SASAGE,,
ASH ＆ DIAMONDS,サガール,,
ASICS,SASAGE,,
ASICS TIGER,SASAGE,,
ASIS,サガール,,
asos,サガール,,
ASPESI,SASAGE,※商社必須 ,
ASPLUND,サガール,,
ASTRAET,SASAGE,,
ASVENUS,サガール,,
ASZAKKA,サガール,,
ate,SASAGE,,
atelier brugge,サガール,,
Atelier Senka,サガール,,
ATELIER SIX,サガール,,
ateliers PENELOPE,サガール,,
ATESPEXS,サガール,,
athe,サガール,,
athe vanessabruno,サガール,,
Athena New York,SASAGE,,
ATHLETA,サガール,,
Atlantic STARS,SASAGE,,
Atlantic Works,サガール,,
ATM＆ATG,サガール,,
atmos,サガール,,
atmos girls,サガール,,
ato,SASAGE,,
ATON,SASAGE,中高,
ATSURO TAYAMA,SASAGE,,
ATTACHMENT, SASAGE,,
attack the mind 7, SASAGE,,
Attic and Barn,サガール,,
ATTIMO,サガール,,
ATTIRE,サガール,,
AU BANNISTER,SASAGE,,
Audrey and John Wad,サガール,,
AUGUSTA,サガール,,
AUGUSTE-PREZENTATION,SASAGE,,
AULA,サガール,,
AULA AILA,SASAGE,,
AULI,サガール,,
Aunt Marie's,サガール,,
Auntie Rosa,サガール,,
AURALEE,SASAGE,中高,
AURORA GRAN,サガール,,
AUSTIN REED,サガール,,
AUSTRALIA LUXE COLLECTIVE,サガール,,
AUTREFOIS,サガール,,
AVALON,サガール,,
Avan Lily,サガール,,
Avanti,サガール,,
AVEC GIRLS,サガール,,
Aveniretoile,サガール,,
Aviator Nation,サガール,,
avie,サガール,,
AVIREX,SASAGE,※フェイク注意 ,
AVOCA,サガール,,
Avoid,サガール,,
AVRIL GAU,サガール,,
AXARA,サガール,,
axes femme,サガール,,
Ayame,SASAGE,中高,
Ayano Fukuoji by EVOL,サガール,,
Aymmy in the batty girls,サガール,,
AYUITE,サガール,,
AYURA,サガール,,
AZ,サガール,,
AZUL by moussy,サガール,,
AZUL ENCANTO,サガール,,
b store,サガール,,
B.C STOCK,サガール,,
B.I.D.,サガール,,
b.u.,サガール,,
B:MING by BEAMS,サガール,,
B:MING LIFE STORE by BEAMS,SASAGE,,
B'2nd re'qua,サガール,,
B7,サガール,,
ba＆sh,SASAGE,,
ba(s)2lope,サガール,,
Bab,サガール,,
baby ampersand,サガール,,
baby dior,サガール,※商社必須 ,
Baby Doll,サガール,,
Baby Jane Cacharel,サガール,,
BABY PURE,サガール,,
Baby!,サガール,,
"BABY,THE STARS SHINE BRIGHT",サガール,,
Baby-G,SASAGE,,
BABYLONE,サガール,,
BACCA,SASAGE,,
Baccarat,サガール,,
bach,サガール,,
Back Alley Old Boys,サガール,,
BACK BONE,SASAGE,,
Back Channel,サガール,,
BACK STAGE,サガール,,
BACKDROP,サガール,,
backetfeet,サガール,,
backnumber,サガール,,
BAD,サガール,,
Badhiya,サガール,,
Badou-R,サガール,,
BAG selection ONWARD,サガール,,
BAGARCH,サガール,,
BAGGU,サガール,,
BAGGY PORT,サガール,,
BAGJACK,SASAGE,中高,
BAG'n'NOUN,サガール,,
Bagutta,サガール,,
BAHUT,サガール,,
Bailarinas by SKA,サガール,,
bajra,サガール,,
BAL,SASAGE,,
BALABUSHKA,サガール,,
BALABUSHKA REMNANTS,サガール,,
BALANCE＆HARMONY,サガール,,
balanceweardesign,サガール,,
Balancoire,サガール,,
Balcony and Bed,サガール,,
BALDEAUX,サガール,,
BALENCIAGA,SASAGE,※ブランド 中高,
bali barret,サガール,,
BALLANTYNE,SASAGE,,
Ballerina Pink,サガール,,
BALLON,サガール,,
BALLSEY,SASAGE,,
BALLY,SASAGE,,
BALMAIN,SASAGE,※商社必須 ,
banal chic bizarre,サガール,,
Banana Republic,サガール,,
Band of Outsiders,SASAGE,,
BANKROBBER,サガール,,
BANKS,サガール,,
Banner Barrett,サガール,,
BANSEE,サガール,,
BAOBAO ISSEY MIYAKE,SASAGE,※商社必須 ※フェイク注意　中高,
BAPY,サガール,,
BARACUTA, SASAGE,中高,
Barairo no Boushi,サガール,,
BARBA,SASAGE,,
BARBARA BUI,SASAGE,,
Barbara Lang,サガール,,
BARBARA RIHL,サガール,,
Barbarian,サガール,,
Barbie,サガール,,
Barbour,SASAGE,中高,
Barbudos,サガール,,
BARDOT ROSE,サガール,,
BAREFOOT DREAMS,SASAGE,※商社必須 ※フェイク注意,
BARENA,SASAGE,,
BARK, SASAGE,,
BARK MANHATTAN,サガール,,
BARK TANNAGE,サガール,,
BARKER,SASAGE,,
BARNEYS NEWYORK, SASAGE,,
BARNS OUTFITTERS,SASAGE,,
BARNYARDSTORM,SASAGE,,
BARONS PAPILLOM,サガール,,
Barrault,サガール,,
BASECONTROL,サガール,,
BASIC AND ACCENT,サガール,,
BASICKS,サガール,,
Basil,サガール,,
BASILE28,サガール,,
BASIS BROEK,SASAGE,,
BASIXⅡ,サガール,,
BASQUINE,サガール,,
BASS,SASAGE,,
BASSETT WALKER,サガール,,
bassike,サガール,,
Bateau Mouche,サガール,,
BATONER,SASAGE,中高,
Battenwear,サガール,,
BATTLE LAKE,サガール,,
BAUM UND PFERDGARTEN,SASAGE,,
Baxter of California,SASAGE,,
BAYFLOW,サガール,,
BCBG,SASAGE,※商社必須 ,
BCBGMAXAZRIA,SASAGE,※商社必須 ,
BCR,サガール,,
Be Positive,サガール,,
BE RADIANCE,サガール,,
BEACH FEET,サガール,,
BEADY GEM,サガール,,
BEAMS,SASAGE,,
BEAMS BOY,SASAGE,,
BEAMS HEART,サガール,,
BEAMS LIGHTS,サガール,,
BEARDSLEY,SASAGE,,
bea's up,サガール,,
BEATING HEART,サガール,,
BEATITUDE,サガール,,
BEAU COOPS,サガール,,
beau dessin,サガール,,
Beaumont ORGANIC,サガール,,
Beaure,サガール,,
Beau're,サガール,,
BEAU'RE SECOND,サガール,,
beautiful people, SASAGE,,
Beauty Bar KEITA MARUYAMA,SASAGE,,
BEAUTY＆YOUTH UNITED ARROWS,SASAGE,,
BEAVER,サガール,,
BEAVER BRAND HATS,サガール,,
BEAVER ORIGINAL,サガール,,
beberose,サガール,,
BEBOP,サガール,,
becksondergaard,サガール,,
BED J.W. FORD, SASAGE,中高,
BED＆BREAKFAST,サガール,,
bedsidedrama,サガール,,
BEDWIN,SASAGE,※商社必須 ※フェイク注意,
BEDWIN ＆ THE HEARTBREAKERS,SASAGE,※商社必須 ※フェイク注意,
BEEN TRILL,SASAGE,,
BEIGE SHOP,サガール,,
beik,サガール,,
Bejoueld,サガール,,
BELIEVEINMIRACLE,サガール,,
BELLA FREUD,SASAGE,,
BELLA JONES,サガール,,
BELLE,サガール,,
Belle Amie,サガール,,
Bellerose,SASAGE,,
BELLMER,サガール,,
Bellroy,サガール,,
BELSTAFF,SASAGE,中高,
ben alder,サガール,,
BEN DAVIS, SASAGE,,
Ben Sherman,サガール,,
benah,サガール,,
BENETTON (UNITED COLORS OF BENETTON),サガール,,
BENSONI,サガール,,
BERACAMY PARIS,サガール,,
BERANGERE CLAIRE,サガール,,
BERARDI,サガール,,
BERGE,サガール,,
Berghaus,サガール,,
BERNARD ZINS,サガール,,
BERNHARD WILLHELM,サガール,,
BERNSTOCK SPEIRS,サガール,,
Bershka,サガール,,
Bertini,サガール,,
beruf baggage,サガール,,
BERWICH,SASAGE,,
BEST PACKING STORE,サガール,,
Betsey Johnson,サガール,,
Betseyville by BETSEY JOHNSON,サガール,,
BETTINA,サガール,,
Betty Smith,サガール,,
Beverly Hills Choppers,サガール,,
Bevilacqua,サガール,,
bexist,サガール,,
beyond vintage,サガール,,
BIANCA,サガール,,
BIANCA EPOCA,サガール,,
Bianca`s closet,サガール,,
Bianchi,サガール,,
BIAS,サガール,,
Bibi Gramaglia,サガール,,
Bibury Court,サガール,,
BIG HAND,SASAGE,※ギャラ必須 ,
Big John,SASAGE,,
BIG YANK,サガール,,
Bijou R.I,サガール,,
Bi-jouterie,サガール,,
bilitis bebe maman,サガール,,
Bilitis dix-sept ans,サガール,,
BILL WALL LEATHER,SASAGE,中高,
BILLABONG,サガール,,
BillAmberg,サガール,,
BILLIONAIRE BOYS CLUB, SASAGE,,
Billy Reid,サガール,,
BINDU,サガール,,
BIONICMAN, SASAGE,,
BIRKENSTOCK,SASAGE,中高,
BIRTHDAY BASH,サガール,,
birthdayroom,サガール,,
BIRVIN UNIFORM,サガール,,
BISUE,サガール,,
Bisue Ballerinas,サガール,,
bit blue,サガール,,
BITTEN APPLE,サガール,,
BITTEN APPLE BY BLONDY,サガール,,
Bitter Ender,サガール,,
BITTOKO,サガール,,
BLACK BLOOD DIAMONDS,サガール,,
BLACK BY MOUSSY,サガール,,
BLACK COMME des GARCONS,SASAGE,※商社必須 　中高,
BLACK CRANE,サガール,,
BLACK EYE PATCH, SASAGE,,
BLACK FLEECE,SASAGE,,
BLACK FLYS,SASAGE,,
BLACK GOLD,SASAGE,,
Black Heart Label,サガール,,
BLACK LABEL CRESTBRIDGE, SASAGE,,
Black Orchid,サガール,,
BLACK PEARL,サガール,,
BLACK RING,サガール,,
BLACK SCORE,サガール,,
BLACK SIGN, SASAGE,,
BLACK＆BLUE,サガール,,
BLACKBARRETT by NEIL BARRETT,SASAGE,※商社必須 ,
blacker by steven alan,サガール,,
BLACKMEANS,サガール,,
BLACKTOPMOTORCYCLE,サガール,,
BLACKUP,サガール,,
BLANC,サガール,,
blanc basque,サガール,,
Blanc YM,サガール,,
BLANCHEURLUXE,サガール,,
BLANCHIC,サガール,,
BLANK,サガール,,
blAnks,サガール,,
BLDK,サガール,,
BLESS,SASAGE,,
BLESS TOKYO,サガール,,
BLEU BLANC ROUGE,サガール,,
Bleu de Paname,サガール,,
BLEU FORET,サガール,,
Bliss bunch,サガール,,
BLISS POINT,サガール,,
BLK DNM,サガール,,
BLOCH,サガール,,
blondy,サガール,,
BLONDY ReLISH,サガール,,
blowfish,サガール,,
Blu e Grigio,サガール,,
blu moon,サガール,,
blu＆day,サガール,,
BLUCO WORK GARMENT,SASAGE,中高,
BLUE BLUE,SASAGE,,
blue cross,サガール,,
blue cult,サガール,※商社必須 ,
BLUE DE BRESSE,サガール,,
BLUE EAST,サガール,,
BLUE LABEL CRESTBRIDGE,SASAGE,※商社必須 ,
Blue Life,サガール,,
blue plate,サガール,,
BLUE TORNADO,サガール,,
Blue velvet Lounge,サガール,,
BLUE WORK,サガール,,
Blue．,サガール,,
BLUEBIRD BOULEVARD,サガール,,
blugirl,サガール,,
BLUGIRL JEANS,サガール,,
Blumarine,サガール,,
Blur cure macacin,サガール,,
blurhms,SASAGE,中高,
boat house,サガール,,
bobbie brooks,サガール,,
BOBOUTIC,サガール,,
BOBSON,サガール,,
bodco,サガール,,
BODY BUTTER,サガール,,
BODY DRESSING,サガール,,
BODY DRESSING Deluxe,サガール,,
BOEMOS,サガール,,
boha nii,サガール,,
BOHEMIANS,サガール,,
BOISNONVERNI,サガール,,
Boisson Chocolat,サガール,,
Bon mercerie,サガール,,
Bon Sens,サガール,,
Bon Vieux Temps,サガール,,
Bonappetit,サガール,,
BONFANTI,サガール,,
BONICA DOT,サガール,,
BONICA dot GARDEN,サガール,,
Bonjour Girl,サガール,,
bonjour records,サガール,,
Bonjour Sagan,サガール,,
BONLECILL,サガール,,
Bonner of Ireland,サガール,,
BONNIE SPRINGS,サガール,,
Bonnie Strauss,サガール,,
Bonpoint,サガール,,
BONTON,サガール,,
BONZAIPAINT,サガール,,
BOOFOOWOO,サガール,,
BOOGIE WOOGIE,サガール,,
BOOKSHOP,サガール,,
Boomy Roomy,サガール,,
BORDERS at BALCONY,サガール,,
BOREDOM,サガール,,
BORELLI,サガール,,
BORNY,サガール,,
Borsalino,サガール,,
bortsprungt.,サガール,,
BOSABO,サガール,,
BOSCH,サガール,,
BOTANIKA/taishi nobukuni,サガール,,
botkier,サガール,,
BoTT,SASAGE,中高,
BOTTEGA VENETA,SASAGE,※ブランド 中高,
Bou Jeloud,サガール,,
bouchra jarrar,サガール,,
BOUNTY HUNTER, SASAGE,,
boussole,サガール,,
Bouvardia,サガール,,
BOW WOW,SASAGE,中高,
BOY LONDON,SASAGE,※フェイク注意 ,
BOYCOTT,サガール,,
boyod,サガール,,
BOYS FOUNDATION ADDICT,サガール,,
BRADOR,サガール,,
BRADY,サガール,,
Brague,サガール,,
brahmin,サガール,,
BRAIN DEAD, SASAGE,,
BRAITONE,サガール,,
BRANCHINISHOES,サガール,,
brand ?,サガール,,
Brandy Melville,サガール,,
BRANIFF,サガール,,
BRANIGAN WEAVERS,サガール,,
Branshes,サガール,,
BRASS FARTHING,サガール,,
BRAUN,サガール,,
BRAY STEVE ALAN,サガール,,
Bread and Butterflies,サガール,,
breakfast,サガール,,
breau des fantaisistes,サガール,,
BREE,サガール,,
BREEZE,サガール,,
BRIAN  LICHTENBERG,サガール,,
Brian Atwood,サガール,,
BRICS,サガール,,
BRIDGE,サガール,,
Bridget Birkin,サガール,,
BRIEFING, SASAGE,,
BRILLA per il gusto,サガール,,
BRIM BRIM,サガール,,
BRING ON THE NOISE,サガール,,
BRITISH REMAINS,サガール,,
Brittany’s,サガール,,
BRIXTON,SASAGE,,
Brocante,サガール,,
BROCKTON GYMNASIUM,サガール,,
Broderie ＆ Co,サガール,,
BRONTE,サガール,,
BRONTIBAYPARIS,サガール,,
BRONX,サガール,,
Brooklyn We Go Hard (BWGH),サガール,,
BROOKS,SASAGE,,
Brooks Brothers,SASAGE,,
b-room,サガール,,
BROWN BUNNY,サガール,,
BROWN by 2-tacs,SASAGE,,
BrownBrown,サガール,,
BROWNS BEACH,SASAGE,,
browny,サガール,,
BRTH BREATH,サガール,,
BRUNABOINNE,SASAGE,中高,
BRUNELLO CUCINELLI,SASAGE,中高,
BRUNO,サガール,,
BRUNO MAGLI,サガール,,
BRUNO PREMI,サガール,,
BRUNO ROSSI,サガール,,
BRUNOFRISONI,サガール,,
BRUTUS,サガール,,
BUCCHUS,サガール,,
BUCO,SASAGE,中高,
BUDDHIST PUNK,サガール,,
buddy,サガール,,
Buena Vista,サガール,,
Buffalo,サガール,,
Buffalo Bobs, SASAGE,,
BUFFALO JEANS,サガール,,
BUILT NY,サガール,,
bukht,SASAGE,,
BULGA,サガール,,
bulle de savon,サガール,,
BULSARA,サガール,,
BUONA GIORNATA,サガール,,
BURAKUYAN,サガール,,
BURBERRY,SASAGE,※商社必須 ※フェイク注意　中高,
BURBERRY BLACK LABEL,SASAGE,※商社必須 ※フェイク注意,
BURBERRY BLUE LABEL,SASAGE,※商社必須 ※フェイク注意,
Burberry Prorsum,SASAGE,,
BURDEN,サガール,,
Bureau des Fantaisistes,サガール,,
BURGUS PLUS,サガール,,
Burkman Bros,サガール,,
BURKS BULL,サガール,,
Burn Breeze,サガール,,
Burner,サガール,,
BURNING TORCH,サガール,,
BURN'N'VIOLET,サガール,,
BURNOUT,SASAGE,,
Burro,サガール,,
BURTON, SASAGE,,
Butler Verner Sails,サガール,,
butterfly dropout,サガール,,
BUTTERO,サガール,,
Buzz Rickson's,SASAGE,中高,
Bvlgari,SASAGE,,
BWGH,サガール,,
BWGH for PUMA,サガール,,
by boe,サガール,,
BY MALENE BIRGER,サガール,,
by muni:r,サガール,,
BY TASS,サガール,,
by Tass Standard,サガール,,
BY ZOE,サガール,,
byあしながおじさん,サガール,,
B印 YOSHIDA(BEAMS×PORTER),SASAGE,,
C OPAQUE.CLIP,サガール,,
C＆C California,サガール,,
C.D.S BASIC,サガール,,
C.E,SASAGE,※フェイク注意 　中高,
c.e., SASAGE,※フェイク注意 　中高,
C.I.L.,サガール,,
c.neeon,サガール,,
C.P.Company,SASAGE,※フェイク注意 　中高,
C.Pili,サガール,,
C.T.plage,サガール,,
C6,サガール,,
CA4LA,SASAGE,,
CABALLERO,サガール,,
CABaN, SASAGE,,
CABANE de ZUCCa,サガール,,
CABBAGES ＆ ROSES,サガール,,
CABLOCAMURIE,サガール,,
CACHAREL,サガール,,
Cachellie,サガール,,
Cactus Jack,SASAGE,※フェイク注意 ,
Caie,サガール,,
cal,サガール,,
CALEE, SASAGE,,
CALI SURF,サガール,,
calian,サガール,,
CALIFORNIA RANCH HOUSE,サガール,,
Calimar,サガール,,
callautia,サガール,,
Callaway,SASAGE,,
Callipigia,サガール,,
calm lanka,サガール,,
Calman and Chelow,サガール,,
Calvin Klein,SASAGE,※商社必須 ,
Calzanor,サガール,,
CAMBER,SASAGE,,
CAMBIO,サガール,,
CAMEO,サガール,,
CAMIEL FORTGENS, SASAGE,,
CAMIERA,サガール,,
CAMILLE for LULU,サガール,,
CAMINANDO,サガール,,
CAMP7,サガール,,
CAMPER,SASAGE,,
CAMPURE,サガール,,
Camui water massage,サガール,,
CANADA GOOSE,SASAGE,※商社必須 ※フェイク注意　中高,
Canadian Sweater Company Ltd.,サガール,,
CANAL JEAN,サガール,,
canal4℃,サガール,,
candela,サガール,,
candlly,サガール,,
CANDY,サガール,,
Candy Stripper,SASAGE,,
CANNABIS,サガール,,
Cantarelli,サガール,,
CANTON,サガール,,
Canyon de chelly,サガール,,
capaf,サガール,,
Capelli,サガール,,
capesmile,サガール,,
caph,サガール,,
CAPRGCORNUS,サガール,,
CAPRICIEUX LE'MAGE,サガール,,
CAPTAIN SANTA,SASAGE,,
CAPTAIN STAG,サガール,,
Captains Helm, SASAGE,,
CAR SHOE,サガール,,
Caravana by A・I・C,サガール,,
CARDIGAN.,サガール,,
CAREERING,SASAGE,,
Carhartt,SASAGE,※フェイク注意 ,
carino,サガール,,
Carletti,サガール,,
carlife,サガール,,
CARLO ROSSETTI,サガール,,
carnelian,サガール,,
carnet,サガール,,
CAROL CHRISTIAN POELL,サガール,,
Carol J.,サガール,,
CAROLINA GLASER,サガール,,
CAROLINA K,サガール,,
CARRANO,サガール,,
CARRERA,サガール,,
CARRYNEST,サガール,,
Cartier,SASAGE,※ブランド ,
Cartonnage,サガール,,
CARVEN,SASAGE,※商社必須 ,
Casa BRUTUS,サガール,,
CASABLANCA, SASAGE,,
CASADEI,サガール,,
CASE SCENARIO,サガール,,
Casely-Hayford,サガール,,
CASEPLAY,サガール,,
CASEY-CASEY,SASAGE,中高,
CASH CA,サガール,,
CASHHIMI,サガール,,
CASIO,SASAGE,,
CASPER JOHN,サガール,,
CASSAVES,サガール,,
Casselini,サガール,,
Casselini fifth avenue,サガール,,
C'ast vague,サガール,,
Castaner,サガール,,
CASTELLARI,サガール,,
Cat in the closet,サガール,,
cat’s TSUMORI CHISATO,サガール,,
catene,サガール,,
CATERINA BERTINI,サガール,,
Cath Kidston,サガール,,
CATHERINE MALANdRINO,サガール,,
Catherine Parra,サガール,,
cathy jane,サガール,,
CAUSE,サガール,,
CAV-000,サガール,,
Cavallini,サガール,,
CC SKYE,サガール,,
Ceanothus,サガール,,
CEBO,サガール,,
Cecil Linc,サガール,,
CECIL McBEE,サガール,,
CECILE BOCCARA,サガール,,
cecilia prado,サガール,,
CEDNIE,サガール,,
CEDRIC CHARLIER,サガール,,
CELINE,SASAGE,※ブランド 中高,
CeLL,サガール,,
Celt and Cobra,SASAGE,,
Celtic Sheepskin,サガール,,
CENEA,サガール,,
CERASUS,サガール,,
ceroLinea,サガール,,
CERRUTI,サガール,,
Ces Puzzles,サガール,,
CESARE PACIOTTI 4US,サガール,,
CFCL,SASAGE,中高,
Chaco,サガール,,
CHALAYAN,サガール,,
CHALLENGER,SASAGE,※フェイク注意 ,
chambre de charme,サガール,,
chambre de nimes,サガール,,
chamny,サガール,,
CHAMP MAGAZINE,サガール,,
Champion,SASAGE,,
CHAN LUU,※取り扱い中止 ,,
Chandelier,サガール,,
CHANEL,SASAGE,※ブランド 中高,
Chang Mee,サガール,,
changes day,サガール,,
Chantal Thomass,サガール,,
CHAPS,サガール,,
CHAPS RALPH LAUREN, SASAGE,※真贋必須 ※低は3000円,
chapter world,サガール,,
CHAPTER WORLD PREMIUM,サガール,,
CHAPTER WORLD select,サガール,,
CHARI ＆ CO,SASAGE,,
charles anastase,サガール,,
CHARLES JOURDAN,サガール,,
CHARLES PHILIP,サガール,,
charles＆keith,SASAGE,,
CHARLI,サガール,,※ギャラ必須 ※偽物注意 ※帽子眼鏡金×
CHARLIE JOE,サガール,,
Charlotte Olympia,サガール,,
CHARLOTTE RONSON,サガール,,
CHARMCULT,サガール,,
Chaser,サガール,,
Chatouiller,サガール,,
chatty,サガール,,
chaudry,サガール,,
chausser,サガール,,
CHEAP MONDAY, サガール,,
CHEER,サガール,,
chef-doeuvre,サガール,,
CHELSEA FLOWER,サガール,,
CHELSEAGARB,サガール,,
CHEMBUR,サガール,,
Cher,サガール,,
Cher Shore,サガール,,
Chereine,サガール,,
CHERIE,サガール,,
cherir la femme,サガール,,
Cherry Ann,サガール,,
CHERRY PICK,サガール,,
Chesty,サガール,,
CHESWICK,SASAGE,,
CHEVIGNON,サガール,,
CHEVRE,サガール,,
Chiara Ferragni,サガール,,
chico,サガール,,
CHIE MIHARA,サガール,,
CHILD WOMAN,サガール,,
chimala,サガール,,
chinti and parker,サガール,,
CHIP CLIP,サガール,,
Chip＆Pepper,サガール,※商社必須 ,
Chippewa,サガール,,
Chloe,SASAGE,※ブランド,
Chloe Sevigny for Opening Ceremony,サガール,,
Chloris,サガール,,
chocoholic,サガール,,
chocol raffine,サガール,,
chocolate schubar,サガール,,
Chocorouge,サガール,,
choosy chu,サガール,,
Chortie,サガール,,
CHRIS BENZ,サガール,,
CHRISTIAN AUDIGIER,サガール,,
CHRISTIAN AUJARD,サガール,,
CHRISTIAN DADA,SASAGE,,
Christian Dior,SASAGE,※ブランド※商社必須 中高,
Christian Lacroix,サガール,,
Christian Louboutin,SASAGE,,
christian olivier,サガール,,
CHRISTIAN PEAU,サガール,,
christian wijnants,サガール,,
CHRISTINA  ROHDE,サガール,,
CHRISTOPHE COPPENS,サガール,,
CHRISTOPHE LEMAIRE,サガール,,
CHRISTOPHE SAUVAT,サガール,,
Christopher Kane,サガール,,
CHRISTOPHER SHANNON,サガール,,
christopher＆banks,サガール,,
CHRISTYS' LONDON,サガール,,
CHROME,サガール,,
CHROME HEARTS,SASAGE,※商社必須　中高,
CHROME HEARTS CAP EYEWEAR 金ﾌﾟﾗﾁﾅ,SASAGE,※真贋必須,
CHUBBYGANG,サガール,,
Chuggington,サガール,,
CHUMS,サガール,,
Churchill,サガール,,
Church's,SASAGE,中高,
CHUXXX,サガール,,
Ciaopanic,サガール,,
CIAOPANIC TYPY,サガール,,
ciatre,SASAGE,,
CIBONE,サガール,,
CICATA,サガール,,
CIDER,サガール,,
cigar branch,サガール,,
CILANDSIA,サガール,,
CINAMOD,サガール,,
Cinema Club,サガール,,
CINOH,SASAGE,,
CINQUANTA,サガール,,
CiNTAS,サガール,,
CINZIA ARAIA,サガール,,
CIOTA,SASAGE,中高,
CIPPY CRAZY HORSE,SASAGE,,
CISOLASSE,サガール,,
CITEN,SASAGE,,
CITIZEN,SASAGE,,
Citizens of humanity,サガール,,
CITRUS,サガール,,
cITRUS nOTES,サガール,,
CITY,サガール,,
CI-VA,サガール,,
CIVIDINI,サガール,,
CIVILIZED,SASAGE,,
CIVISSUM,サガール,,
CLAIR DE MASCULO,サガール,,
CLANE,SASAGE,中高,
CLARE VIVIER,サガール,,
Clarks,SASAGE,中高,
Clarks Originals,SASAGE,中高,
Clarpierce,サガール,,
clasky,サガール,,
Clasky/Laully for you,サガール,,
Class Roberto Cavalli,サガール,,
Classical Elf,サガール,,
CLATHAS,サガール,,
CLAUDIA ROWE,サガール,,
CLAUDIO CUTULI,サガール,,
CLAUSTRUM,サガール,,
CLAYBROOKE,サガール,,
Clean2,サガール,,
clear,サガール,,
clear crea,サガール,,
clear impression,サガール,,
clear jean,サガール,,
CLEARIMPERSSION,サガール,,
CLEASEN'S,サガール,,
CLEDRAN,サガール,,
Clef,サガール,,
CLEL,サガール,,
CLEMENTS RIBEIRO,サガール,,
Cleobella,サガール,,
Clice de Paris,サガール,,
CLICHY,サガール,,
cloenc,サガール,,
Clone,サガール,,
clonec,サガール,,
CLOON KEEN ATELIER,サガール,,
CLOSED,サガール,,
CLOSSHI,サガール,,
CLOT,サガール,,
CLOUDNINE,サガール,,
cloudy cloudy,サガール,,
cloudy7,サガール,,
CLOVER CANYON,サガール,,
CLUCT,サガール,,
Clunk,サガール,,
CLUTCHGOLF,サガール,,
COACH,SASAGE,※ブランド ,
Coal Black,サガール,,
COAST,サガール,,
COAST+WEBER+AHAUS,サガール,,
COBRA,サガール,,
coca,サガール,,
COCCINELLE,サガール,,
cocodeal,サガール,,
COCOLO BLAND,SASAGE,,
COCOMOMO,サガール,,
COCOON,サガール,,
Cocoonist,サガール,,
COCOSHNIK,サガール,,
COCOSHNIK ONKITSCH,サガール,,
COCUE,サガール,,
COCURATA,サガール,,
CODELLO,サガール,,
Cody Sanderson,SASAGE,※真贋必須　中高,
coen,サガール,,
COEUR,サガール,,
coeur Parfait,サガール,,
COFFEE＆MILK,サガール,,
COHAKU,サガール,,
COHEN ET SABINE,サガール,,
coigirl magic,サガール,,
colcci,サガール,,
COLE HAAN,SASAGE,,
Coleman,サガール,,
Colette Malouf,サガール,,
COLIMBO,SASAGE,,
COLLAGE GALLARDAGALANTE,サガール,,
COLLECTHING THINGS,サガール,,
collection PRIVEE?,サガール,,
COLLECTIVE CLOTHING,サガール,,
COLLECTIVE CONCEPTS,サガール,,
collective.,サガール,,
collina,サガール,,
COLONY 2139,サガール,,
color,サガール,,
COLORCTORS,サガール,,
Columbia,SASAGE,,
COLZA,サガール,,
Com2ons Code,サガール,,
Come home,サガール,,
COMECHATTO＆CLOSET,サガール,,
COMESANDGOES,サガール,,
COMME CA ISM,サガール,,
COMME CA MEN,サガール,,
comme ca models,サガール,,
COMME des GARCONS,SASAGE,※商社必須 ※フェイク注意,
COMMON PROJECT,サガール,,
COMMON PROJECTS,サガール,,
COMMON WEAR,サガール,,
commono reproducts,サガール,,
COMMONWARE AMERICAN RAG CIE＆Magine,サガール,,
COMMUNE DE PARIS,サガール,,
COMMUNITY,サガール,,
COMODO BLU,サガール,,
C'omodo+plust,サガール,,
COMOLI,SASAGE,中高,
COMPAGNIA ITALIANA,サガール,,
complete discovered,サガール,,
COMPTOIR DES COTONNIERS,サガール,,
con affetto,サガール,,
CONCRETE DESIGN,サガール,,
conges payes ADIEU TRISTESSE,サガール,,
CONNECTERS,サガール,,
connieaccessori,サガール,,
CONS RENNOVATOR,サガール,,
contego eyewear,サガール,,
CONVERSE,SASAGE,※ネット出品禁止 ,
Coohem,サガール,,
COOKIE FORTUNE,サガール,,
COOKIE fortune LOVE,サガール,,
Cookman,SASAGE,,
COOL STRUTTIN＆co,サガール,,
COOLACOLOGNE,サガール,,
COOLATIQUES,サガール,,
COOMB,サガール,,
Cooperstown Ball Cap,サガール,,
COOTIE, SASAGE,中高,
coragio,サガール,,
coralroen,サガール,,
CORBO,サガール,,
CORDIER,サガール,,
CORE FIGHTER, SASAGE,,
CORNELIANI,サガール,,
CORONA,サガール,,
CORSIA,サガール,,
CORSO ROMA，9,サガール,,
CORTES WORKS,サガール,,
Corto Moltedo,サガール,,
Cosme Kitchen,サガール,,
COSMIC,サガール,,
COSMIC WONDER,サガール,,
COSSHI,サガール,,
costa brin,サガール,,
CoSTUME NATIONAL,サガール,,
COTE MER,サガール,,
Cote＆Ciel,SASAGE,,
cotton cloud,サガール,,
cotton on,サガール,,
COULAGE,サガール,,
Coup de Beaute,サガール,,
COUP DE CHANCE,サガール,,
courreges,サガール,,
Couture Brooch,サガール,,
CP SHADES,サガール,,
CP.CPREPARATORY,サガール,,
CPC SCAMP,サガール,,
CPCM,サガール,ジャケットはSASAGE,
CRAFT STANDARD BOUTIQUE,サガール,,
cramp,サガール,,
CRAP,サガール,,
CRASH BAGGAGE,サガール,,
CRAZY PIG,SASAGE,※ギャラ必須 ,
CRB,サガール,,
CREA,サガール,,
Cream Chantilly,サガール,,
cream soda,SASAGE,中高,
CREATIVE RECREATION,サガール,,
CREDONA,サガール,,
Creed,サガール,,
CREIND YARM,サガール,,
crepuscule,SASAGE,,
Crescent Down Works,サガール,,
Crespi,サガール,,
crewre,サガール,,
crie conforto,サガール,,
CRIMIE, SASAGE,中高,
Crisp,サガール,,
CROCKETT＆JONES,サガール,,
CROCODILE,サガール,,
crocs,サガール,,
crolla,サガール,,
CROON A SONG,サガール,,
Cropped Heads,サガール,,
CROWDED CLOSET,サガール,,
CRUCE anap,サガール,,
CRUCIANI, SASAGE,中高,
CRUNA,サガール,,
Cry,サガール,,
CRYSTAL BALL,サガール,,
CSAW,サガール,,
Ctrl freak,サガール,,
cuccia,サガール,,
CUCCO DI MARU,サガール,,
cuddle＆kiss,サガール,,
cuff,サガール,,
Cuffz by Linz,サガール,,
Cul de Sac,サガール,,
CULLNI, SASAGE,中高,
Culture Medium,サガール,,
Culturhythm,サガール,,
CUNE,SASAGE,,
curacao,サガール,,
Curly,SASAGE,,
Curly Collection,サガール,,
CURRENT,サガール,,
Current/Elliott,サガール,,
CUSHMAN,SASAGE,,
CUSTOM CULTURE,サガール,,
CUT,サガール,,
CUTiE,サガール,,
Cutie Blond,サガール,,
CVTVLIST,SASAGE,※真贋必須,
CYCLE,サガール,,
CYDERHOUSE,サガール,,
Cynical,サガール,,
CYNTHIA ROWLEY,サガール,,
CYNTHIA VINCENT,サガール,,
D＆G,SASAGE,※商社必須 ,
D＆G JUNIOR,サガール,,
D.A.T.E.,サガール,,
D.M.G.,サガール,,
D.O,サガール,,
D/ESTNATION,サガール,,
D/him.,サガール,,
D’issy,サガール,,
daboro,サガール,,
DACUTE,サガール,,
dada flora,サガール,,
Dafna,サガール,,
dahl'ia,サガール,,
DAILY NEWS,サガール,,
DAIRIKU, SASAGE,中高,
DAISY,サガール,,
DAIWA PIER39, SASAGE,中高,
DAKINE,サガール,,
Dakota,サガール,,
DAKS,サガール,,
DALI,サガール,,
DAMIR DOMA,サガール,,
DAMMY,サガール,,
DANA FANEUIL,サガール,,
DA-NA Vie,サガール,,
DANASSA,サガール,,
dancyu,サガール,,
DandA by danny＆anne,サガール,,
DANIEL CREMIEUX,サガール,,
Daniel Wellington,サガール,,
Daniel＆Bob,サガール,,
DANIELLE NICOLE,サガール,,
danilo costa,サガール,,
Danke,サガール,,
DANKE SCHON, SASAGE,,
Danner,SASAGE,中高,
Dannijo,サガール,,
Danny＆Anne,サガール,,
dansko,サガール,,
Danton,SASAGE,,
Darich,SASAGE,,
DARITA,サガール,,
DARKSHINY,サガール,,
DARLING,サガール,,
Darling by little Berry,サガール,,
Darsana Textile design,サガール,,
Dateve,サガール,,
DaTuRA,サガール,,
Daughters of the Revolution,サガール,,
david ＆ scotti,サガール,,
DAVID LINDWALL REBORN 1982,サガール,,
Davit MEURSAULT,サガール,,
Day and Grade,サガール,,
day birger et mikkelsen,サガール,,
DAYS OF FREEDOM,サガール,,
DAZY,サガール,,
DazyClair,サガール,,
dazzlin,サガール,,
D-BROS,サガール,,
DC SHOES,サガール,,
De bon coer,サガール,,
De Martini,サガール,,
Deadly Ponies,サガール,,
DEAL DESIGN,SASAGE,,
Dear,サガール,,
Dear Buddy,サガール,,
DEAR FLURA,サガール,,
DEARA,サガール,,
Debbie Regina,サガール,,
Debora Sinibaldi,サガール,,
DECADE,サガール,,
DECADE STANDARD,サガール,,
DECEIVE..,サガール,,
DECHO,SASAGE,,
Decious,サガール,,
Deck Hand,サガール,,
DECO,サガール,,
DeDanae,サガール,,
Dedes,サガール,,
DEDESKEN,サガール,,
DEEP BLUE,サガール,,
Deepa Gurnani,サガール,,
deeTA,サガール,,
Defilious,サガール,,
Defilious.Homme,サガール,,
DEICA,サガール,,
deicy,サガール,,
DEL CONTE,サガール,,
delave,サガール,,
DELAY by Win ＆ Sons,SASAGE,,
DELEGANT,サガール,,
DELICIOUS,サガール,,
Delle Cose,サガール,,
Delphine Pariente,サガール,,
DELUXE,SASAGE,,
Demi Voo,サガール,,
Demi-Luxe BEAMS,SASAGE,,
DEMOCRATIQUE SOCKS,サガール,,
DEMYLEE,サガール,,
DENDROBIUM,サガール,,
DENHAM,SASAGE,※商社必須 ,
Denifits,サガール,,
DENIM ＆ SUPPLY, SASAGE,,
DENIM BAR,サガール,,
DENIM DUNGAREE, サガール,,
Denime,SASAGE,,
DENIZEN,サガール,,
DENNY ROSE,サガール,,
DEPACTUS,サガール,,
Der SAMMLER SOLO,サガール,,
DEREK LAM,サガール,,
Des Pierre,サガール,,
DES PRES,SASAGE,,
DESCENDANT, SASAGE,中高,
DESCENTE,SASAGE,※商社必須 ※フェイク注意　中高,
Desertic,サガール,,
designinverso,サガール,,
DESIGNWORKS,サガール,,
Desigual,サガール,,
DESMO,サガール,,
Dessert,サガール,,
Dessin,サガール,,
destin,サガール,,
DESTRAD,サガール,,
DESVISIO,サガール,,
DETAILS,サガール,,
DETH KILLERS,サガール,,
DEUS EX MACHINA, SASAGE,,
DEUTER,サガール,,
Deux Lux,サガール,,
Deuxieme Classe,SASAGE,,
devadurga,サガール,,
DEVASTEE,サガール,,
DEVELOPMENT,サガール,,
DEVILOCK,SASAGE,,
Devinette,サガール,,
devirock,サガール,,
DEVON,サガール,,
DEVOTION,サガール,,
DGRACE,サガール,,
DHOLIC,サガール,,
D-HOLIC,サガール,,
Dhyana,サガール,,
DI CLASSE,サガール,,
DI MELLA,サガール,,
DIABLESS,サガール,,
DIADORA,サガール,,
Diagram,SASAGE,,
DIAMANTE GIRL,サガール,,
Diamond Lag,サガール,,
DIANA,SASAGE,,
DIANE von FURSTENBERG,SASAGE,※商社必須,
DIAVEL,サガール,,
Dice Kayek,サガール,,
Dickies,サガール,,
dictionary,サガール,,
Didi by florence,サガール,,
didizizi,サガール,,
DIDYCA,サガール,,
Diego Bellini,サガール,,
DIEMME,サガール,,
DIESEL,SASAGE,※商社必須 ※フェイク注意,
DIESEL BLACK GOLD,SASAGE,※商社必須 ※フェイク注意,
Diesel Style Lab,SASAGE,※商社必須 ,
DIET BUTCHER SLIM SKIN, SASAGE,,
Dieu,サガール,,
DIGAWEL,SASAGE,,
Dignite collier,サガール,,
DIMEPIECE DESIGNS,サガール,,
Dior,SASAGE,※ブランド※商社必須 中高,
Dior homme,SASAGE,※商社必須 ※フェイク注意,
dip ltd,サガール,,
DIRAIN,サガール,,
Direction to get mosh,サガール,,
DIRK BIKKEMBERGS, SASAGE,,
dirk schonberger,サガール,,
Dirtee Hollywood,サガール,,
DISAERAN,サガール,,
DISCIPLE,サガール,,
DISCO VALLEY,サガール,,
Discoat,サガール,,
Discoat Parisien,サガール,,
discord,SASAGE,,
discord Yohji Yamamoto,SASAGE,中高,
DISCOVERED, SASAGE,中高,
DISCUS,サガール,,
Disia,サガール,,
Disney,サガール,古そうなものはSASAGE,
Disney Couture,サガール,,
DISSIZIT!,サガール,,
District UNITED ARROWS,サガール,,
DisUniversity,サガール,,
DITA,SASAGE,,
Dittos,サガール,,
Dｉｖｅｒｓｈｉｏｎ,サガール,,
DKNY,サガール,,
DNINE RESERVE,サガール,,
do organic,サガール,,
DOARAT,サガール,,
DoCLASSE,サガール,,
DOG TOWN,SASAGE,,
Dolce Vita,サガール,,
DOLCE＆GABBANA,SASAGE,※商社必須 ※フェイク注意,
DOLLY GIRL BY ANNA SUI,サガール,,
Dolly＆Molly,サガール,,
DOMA,サガール,,
DOMENICO+SAVIO,サガール,,
DOMINGO,サガール,,
Domon,サガール,,
dona marie,サガール,,
Donald J Pliner,サガール,,
DONNA KARAN SIGNATURE,サガール,,
DONNA Lily,サガール,,
doo.ri,サガール,,
Doopz,サガール,,
DORMITORY,サガール,,
DOROA,サガール,,
Dorothy Lang,サガール,,
Dosch,サガール,,
DOSDIOSAS,サガール,,
Dot Drops,サガール,,
Dot＆Stripes CHILD WOMAN,サガール,,
Dou Dou,サガール,,
DOUBLE IDENTITY,サガール,,
DOUBLE NAME,サガール,,
DOUBLE STANDARD CLOTHING,サガール,,
DOUBLE STEAL,サガール,,
doublet,SASAGE,※フェイク注意 中高,
DOUBTFUL AS DOUBLE(R),サガール,,
douceur,サガール,,
doula doula,サガール,,
Doux archives,サガール,,
DouxToucher,サガール,,
DOVER,サガール,,
DOVER STREET MARKET,SASAGE,,
DOWBL,サガール,,
Dr Denim,サガール,,
DR ROMANELLI,サガール,,
Dr.Martens,SASAGE,,
DRAGON BEARD,サガール,,
DRAKE'S,サガール,,
DRAW DESIGN CREATIONS,サガール,,
Drawer,SASAGE,中高,
DREAMING OF THE SHINING STARS,サガール,,
dreamteam, SASAGE,,
DreAng,サガール,,
dreskip,サガール,,
dress a dress,サガール,,
DRESS BULLET by glamb,サガール,,
DRESS CIRCLE,サガール,,
DRESS gallery,サガール,,
Dress up everyday,サガール,,
DRESS33,サガール,,
DRESSCAMP,サガール,※商社必須 ※フェイク注意,
DRESSEDUNDRESSED,サガール,,
DRESSING DOWN,サガール,,
DRESSLAVE,サガール,,
DRESSTERIOR,サガール,,
drestrip,サガール,,
drew house,SASAGE,※フェイク注意 ,
DRIES VAN NOTEN, SASAGE,中高,
DRitte,サガール,,
DRIVE JEANS,サガール,※商社必須 ※フェイク注意,
DRKSHDW, SASAGE,中高,
Droite lautreamont,サガール,,
Drole de Monsieur,サガール,,
drosofila,サガール,,
Drosofila Limited,サガール,,
Drowse and yet...,サガール,,
DRUMOHR,サガール,,
DRWCYS,サガール,,
Dry Bones,SASAGE,,
DRYCLEANONLY,サガール,,
DSQUARED2,SASAGE,※商社必須 ※フェイク注意,
Duarte,サガール,,
DUBBLEWORKS,サガール,,
DUCCIO DEL DUCA,サガール,,
DUCK AND COVER,サガール,,
Dude,サガール,,
DUEEL,サガール,,
DUL DE VERRE,サガール,,
Dulcamara,SASAGE,,
Duller,サガール,,
DULUTH PACK,サガール,,
DUMOND,サガール,,
d'un a dix,サガール,,
DUNES,サガール,,
DUNHILL,SASAGE,,
DUPE,サガール,,
DUPPIES,サガール,,
DURAS,サガール,,
DURAS ambient,サガール,,
durbuy,サガール,,
Durer,サガール,,
DUVETICA,SASAGE,※商社必須 ※フェイク注意,
DYNAMO,サガール,,
E hyphen world gallery,サガール,,
e.m.,サガール,,
E.TAUTZ,SASAGE,中高,
e.vil,サガール,,
E.Z BY ZEGNA,SASAGE,,
E2,サガール,,
EACH×OTHER,サガール,,
Earl Jean,サガール,,
earnest sewn,SASAGE,※商社必須,
earth music＆ecology,サガール,,
earth music＆ecolosy,サガール,,
EASTPAK,SASAGE,,
EATME,サガール,,
eb.a.gos,サガール,,
EBBETS FIELD FLANNEL,サガール,,
EBELE MOTION,サガール,,
EBONY,サガール,,
Ebonyivory,サガール,,
eb's,サガール,,
ECHANTILLON No.4,サガール,,
eclectic,サガール,,
ecote,サガール,,
E'CRU,サガール,,
ecruefil,サガール,,
ECUI TOKYO,サガール,,
ECURY,サガール,,
Ed Hardy,SASAGE,,
Eddie Bauer,SASAGE,,
Eddie Borgo,サガール,,
EDDY GRACE,サガール,,
EDIFICE,サガール,,
edit cologne,サガール,,
EDIT. FOR LULU,サガール,,
Edition,SASAGE,,
Education from Youngmachines,サガール,,
EDUN,サガール,,
EDWIN,サガール,,
Edwina Horl,サガール,,
EEL,SASAGE,,
eeLa,サガール,,
ef-de,サガール,,
EFFE BEAMS, SASAGE,,
EFFECTEN, SASAGE,,
EFFECTOR,SASAGE,,
EGERIE,サガール,,
EGO TRIPPING,SASAGE,,
EGOIST,サガール,,
ehka sopo,サガール,,
eight,サガール,,
Eight Million,サガール,,
EIMY ISTOIRE,サガール,,
ej sikke lej,サガール,,
EKAL,サガール,,
EKAM,サガール,,
El mar,サガール,,
el sepia,サガール,,
EL.Brown,サガール,,
ELAN,サガール,,
ELECOM,サガール,,
electric cottage,サガール,,
elegance卑弥呼,サガール,,
ELEMENT,サガール,,
element of simple life,サガール,,
ELENDEEK,サガール,,
ELEVEN PARIS,サガール,,
ELEVENCE DEUX,サガール,,
eleventy,サガール,,
ELEY KISHIMOTO,サガール,,
ELFORBR,サガール,,
elianegigi,サガール,,
ELIMINATOR DENIM,サガール,,
ELIN,サガール,,
Elizabeth and James,サガール,,
ella moss,サガール,,
elle,サガール,,
ELLE PARIS,サガール,,
ellesse,サガール,,
Elliott Mann,サガール,,
ELNEST CREATIVE ACTIVITY,サガール,,
Elura,サガール,,
ELVIRA, SASAGE,,
ELVISH,サガール,,
ema tesse,サガール,,
Emerica,サガール,,
emi,サガール,,
emi+,サガール,,
Emie･Lister,SASAGE,※真贋必須,
EMILIO PUCCI,SASAGE,※商社必須 ,
Emily Temple cute,サガール,,
Emily Temple Lulu,サガール,,
emine,サガール,,
EMIRU by magnum,サガール,,
emit of energy Ray beams,サガール,,
EMMA CLOTHES,サガール,,
EMMA COOK,サガール,,
EMMA GO,サガール,,
emma james,サガール,,
EMMA LIMBER,サガール,,
EMMEL REFINES,サガール,,
EMMETI,サガール,,
emmi,サガール,,
EMODA,サガール,,
EMPORIO ARMANI,SASAGE,※商社必須 ,
ems,サガール,,
Emsexcite,サガール,,
EmTROIS,サガール,,
emu,サガール,,
en quete,サガール,,
en recre,サガール,,
en shallah,サガール,,
Enasoluna,サガール,,
enchanted,サガール,,
ENCHANTEMENT,サガール,,
ENCORE,サガール,,
Endlich,サガール,,
ENensorcivet,サガール,,
ENERGIE,サガール,,
eness,サガール,,
ENFANTS RICHES？DEPRIMES,SASAGE,※フェイク注意 ,
ENFOLD,SASAGE,,
Engineered Garments,SASAGE,中高,
Enhance Element,サガール,,
ENIGMA,サガール,,
Enlude,サガール,,
ennoy, SASAGE,中高,
ensemble THEATRE PRODUCTS,サガール,,
ENSOR CIVET,サガール,,
ensuite,サガール,,
Enterblature and orders,サガール,,
ENTO,サガール,,
ENTRE AMIS,サガール,,
ENUOVE,サガール,,
ENVYM,サガール,,
Enzo Giletti,サガール,,
EOTOTO,サガール,,
EPICE,サガール,,
Epilogue Chant,サガール,,
"Episode No.,",サガール,,
Episode no.9,サガール,,
epnok,サガール,,
EPOCA,サガール,,
EPOCA UOMO,サガール,,
epolene,サガール,,
Epperson Mountaineering,サガール,,
Eprouve,サガール,,
EPTM.,SASAGE,,
EQUIPMENT,サガール,,
Erdem,サガール,,
erfurt,サガール,,
ERIC JAVITS,サガール,,
ERIC LEBON,サガール,,
ERICA TANOV,サガール,,
ERIKA CAVALLINI,サガール,,
ERMANNO SCERVINO,サガール,,
Ermenegildo Zegna, SASAGE,中高,
ERRICO FORMICOLA,サガール,,
erva,サガール,,
ESCADA,サガール,,
Escadrille,サガール,,
esche,サガール,,
ESICA,サガール,,
ESME,サガール,,
ESPERANZA,サガール,,
ESPRIT D'OR,サガール,,
essay, SASAGE,,
ESSE,サガール,,
ESSENTIAL GARMENT MEN'S BIGI,サガール,,
ESSENTIALS FEAR OF GOD,SASAGE,※真贋必須,
ESSENTIEL Antwerp,サガール,,
estellon,サガール,,
ESTNATION,SASAGE,,
et momonakia,サガール,,
etaminne,サガール,,
ete,SASAGE,,
ethereal,サガール,,
ETHOSENS, SASAGE,中高,
ETRE CECILE,サガール,,
ETRO,SASAGE,※商社必須 ,
Ettika,サガール,,
ETUDES,サガール,,
Etw.Vonneguet,サガール,,
EUGENIA KIM,サガール,,
Evado,サガール,,
evaloren,サガール,,
evam eva, SASAGE,中高,
ever,サガール,,
EVER AFTER,サガール,,
EVER KHAKI,サガール,,
EVER MORE,サガール,,
Ever Spring,サガール,,
everjey,サガール,,
everlasting sprout,サガール,,
evernavy,サガール,,
EVERWARM,サガール,,
everyday by collex,サガール,,
everyday everybody,サガール,,
EVEX by KRIZIA,サガール,,
EVIL TWIN,サガール,,
Evisen, SASAGE,中高,
EVISU,SASAGE,※フェイク注意 中高,
EVRIS,サガール,,
EWING ATHLETICS,サガール,,
EXAMPLE,サガール,,
exclamation,サガール,,
expansion,サガール,,
EXPERT,サガール,,
express design studio,サガール,,
eYe COMME des GARCONS JUNYA WATANABE MAN,SASAGE,※商社必須 ※フェイク注意　中高,
EYE. D WEARing,サガール,,
EYEbyOptitude,サガール,,
EYECE,サガール,,
EYEFUNNY,サガール,,
EYEVAN,SASAGE,中高,
eylesbury,サガール,,
EYTYS,SASAGE,中高,
Ezick,サガール,,
F organics,サガール,,
F.A.L,SASAGE,,
F.C.R.B., SASAGE,中高,
F.C.Real Bristol, SASAGE,中高,
F.LLI GIACOMETTI,サガール,,
F.O.G（全ライン）,SASAGE,※真贋必須　中高,
F.O.KIDS,サガール,,
F.S.Z,サガール,,
F/CE.,SASAGE,中高,
FABEL,サガール,,
Fabiane Roux,サガール,,
FABIANELLI,サガール,,
FABIO RUSCONI,SASAGE,,
FABRICK,サガール,,
FABRIK,サガール,,
Fabrizio Del Carlo,サガール,,
FABTUNES,サガール,,
FACETASM, SASAGE,,
Factor=,サガール,,
FACTOTUM, SASAGE,,
FAD THREE,サガール,,
FADELESS,サガール,,
fafa,サガール,,
FAGASSENT,サガール,,
fagras vita,サガール,,
FAHERTY BRAND,サガール,,
fairy cross,サガール,,
fairy shade,サガール,,
Fake London,サガール,,
falia,サガール,,
Faliero Sarti,サガール,,
FALKE,サガール,,
FALLING RAPHAEL,サガール,,
FAMUL,サガール,,
FANNI LEMMERMAYER,サガール,,
FANTASTIC MAN,SASAGE,,
fascino aria,サガール,,
FAT, SASAGE,,
Fatima morocco,サガール,,
FATTORSETA,サガール,,
FATTY＆NUTTY BROTHERS,サガール,,
fdlt,サガール,,
FEAR OF GOD,SASAGE,※真贋必須　中高,
Fearless,サガール,,
feather baby,サガール,,
FEBRUARY,サガール,,
fee fee,サガール,,
Feed you,サガール,,
FEERI CHELO,サガール,,
FELCO,SASAGE,,
Felisi,SASAGE,,
felix ray,サガール,,
felmat,サガール,,
FEMME FATALE,サガール,,
FENDI,SASAGE,※ブランド 中高,
fennica,サガール,,
FENUA,サガール,,
Fermata,サガール,,
Feroux,サガール,,
FERRANTE,サガール,,
FERRIRA,サガール,,
FERRUCCIO VECCHI,サガール,,
FETICO,SASAGE,,
fev,サガール,,
ficouture,サガール,,
FIDELITY,サガール,,
FIELD NOTES,サガール,,
field/dream,サガール,,
Fieled Core,サガール,,
fifth,サガール,,
FIFTH AVENUE SHOE REPAIR,サガール,,
FIG femme,サガール,,
fig Ｌondon,サガール,,
FIG＆VIPER,サガール,,
Figments,サガール,,
FiiiiiSH,サガール,,
FIKA.,サガール,,
Fil Daraignee,サガール,,
FIL DE FER,サガール,,
FILA,サガール,,
filer du fil,サガール,,
FILL THE BILL,SASAGE,,
FiLLY O｀ LYNX,サガール,,
FilMelange,SASAGE,,
FILSON,SASAGE,中高,
Fin,サガール,,
FINAL DECISION,サガール,,
Finamore napoli,サガール,,
Finders Keepers,SASAGE,,
Fine Collection,サガール,,
Fine Quality Hat,サガール,,
FIOLENTINI+BAKER,サガール,,
FIORELLI,サガール,,
FIORENTINI + BAKER,サガール,,
Fiorio,サガール,,
FIORUCCI,サガール,,
FIRST ARROW's,SASAGE,,
FIRST DOWN,SASAGE,,
FIRSTHAND,サガール,,
FIVE BROTHER,SASAGE,,
FJALLRAVEN TRAVEL,サガール,,
FLAG-J,サガール,,
FLAGSTUFF, SASAGE,,
Flammeum,サガール,,
Flaph,サガール,,
Flapper,サガール,,
FLASH REPORT,サガール,,
FLAVOR design,サガール,,
Flea Store,サガール,,
fleamadonna,サガール,,
Fleur,サガール,,
Fleur des Champs,サガール,,
FLICKA,サガール,,
FLISTFIA,サガール,,
FLOCE,サガール,,
FLORENT,サガール,,
FLORIAN,サガール,,
FLORIAN DENICOURT,サガール,,
FLOVE,サガール,,
flower,サガール,,
Floyd,サガール,,
fLuXing,サガール,,
fLuXus.,サガール,,
Flying Tomato,サガール,,
FOCUS,サガール,,
foemina,サガール,,
fog linen work,サガール,,
Foggia,サガール,,
Foley+Corinna,サガール,,
Folk,サガール,,
Folli Follie,サガール,,
folna,サガール,,
FONCE,サガール,,
foot the coacher,SASAGE,,
FOOTPRINTS,サガール,,
FOPPISH,サガール,,
FORDMILLS,サガール,,
FOREVER21,サガール,,
FORK&SPOON,サガール,,
forksy,サガール,,
form forma,サガール,,
Fornarina,サガール,,
FOROURS,サガール,,
FORSTE,サガール,,
forte_forte,サガール,,
FORTY PERCENTS AGAINST RIGHTS,サガール,,
fosi.,サガール,,
FOSSIL,SASAGE,,
FOUND GARMENTS,サガール,,
Foundation Addict,サガール,,
FOXEY,SASAGE,※商社必須,
FOXEY BOUTIQUE,SASAGE,,
FOXEY NEW YORK,SASAGE,,
FOXEY RABBITS’,SASAGE,,
FR2,SASAGE,,
fragment design, SASAGE,,
Fraizzoli,サガール,,
FRAME DENIM,サガール,,
FRAMeWORK,サガール,,
FRANCESCO,サガール,,
FRANCESCO MORICHETTI,サガール,,
FRANCESCOBIASIA,サガール,,
franche lippee,サガール,,
FRANCIS CAMPELLI,サガール,,
Francis Klein,サガール,,
FranCisT_MOR.K.S.,SASAGE,※フェイク注意 ,
FRANCO BASSI,サガール,,
FRANCO FERRARI,サガール,,
Franco Martini,サガール,,
FRANCO PRINZIVALLI,サガール,,
FRANK,サガール,,
FRANK DANIEL,サガール,,
FRANK LEDER,サガール,,
Frank＆Eileen, SASAGE,,
frankie morello,サガール,※商社必須,
FRANKLIN＆MARSHALL,SASAGE,※商社必須 ※フェイク注意,
FRANQUEENSENSE,サガール,,
Franziska Hubener,サガール,,
FRAPBOIS,サガール,,
FRaU,サガール,,
FRAY I.D,SASAGE,,
FRAY.ID,SASAGE,,
FREAK'S STORE,SASAGE,,
Fred,サガール,,
FRED PERRY, SASAGE,,
FREDRIK PACKERS,サガール,,
Fredy Emue,サガール,,
FREDY＆GLOSTER,サガール,,
FREE CITY,SASAGE,※フェイク注意 ,
FREE FISH,サガール,,
FREE PEOPLE,サガール,,
FREE’S MART,サガール,,
FREE’S PHRASE,サガール,,
FREEDOM ARTIST,サガール,,
Freeloader,サガール,,
Free's Mart,サガール,,
FREE'S SHOP,サガール,,
Freesia,サガール,,
Freestyle,サガール,,
freewaters,サガール,,
FREEWHEELERS,SASAGE,,
FREITAG,SASAGE,,
Frene,サガール,,
FRESCO TOWELS,サガール,,
FreshService,SASAGE,中高,
FROM FIRST,サガール,,
FROSTY,サガール,,
froufroutant,サガール,,
Fru.it,サガール,,
FRUIT CAKE,サガール,,
FRUIT OF THE LOOM,サガール,,
FRUiTS,サガール,,
FRUMPY FACTORY,サガール,,
frunco,サガール,,
FRYE,サガール,,
FTC, SASAGE,,
F-TROUPE,サガール,,
FUCKING AWESOME,SASAGE,※フェイク注意 ,
fuct, SASAGE,,
FUGA,SASAGE,,
FUGAHUM,サガール,,
Fuhlen,サガール,,
FULLCOUNT,SASAGE,中高,
FULLNELSON,サガール,,
FUMIE=TANAKA,SASAGE,,
FUMITO GANRYU, SASAGE,中高,
Fun ＆ Daily,サガール,,
FUNDAMENTAL AGREEMENT LUXURY,サガール,,
Fundamental Clothing,サガール,,
FUNKTIONAL,サガール,,
FUNNY SHOW,サガール,,
furamu clip,サガール,,
FURFUR,サガール,,
FURLA,SASAGE,※フェイク注意 ,
Futier land,サガール,,
FUTURA LABORATORIES,サガール,,
FUTURE CLASSICS,サガール,,
FUULLY STUDIO,サガール,,
FYTTE,サガール,,
G＆F WORKERS,サガール,,
g.guaglianone,サガール,,
G.H.BASS ＆ COMPANY,SASAGE,,
G.KERO,サガール,,
G.V.G.V.,サガール,,
g;fifty,サガール,,
Gabardine K.T,サガール,,
Gabor,SASAGE,※真贋必須　　中高,
Gaboratory,SASAGE,※真贋必須　　中高,
Gabriel happy life,サガール,,
GABRIELE SAVIO,サガール,,
GAIJIN MADE,SASAGE,,
GAIMO,サガール,,
GALA Curios,サガール,,
GalaabenD,サガール,,
GALATEA,サガール,,
Galatea Nereid,サガール,,
galaxxxy,サガール,,
GALERIE DES BAINS,サガール,,
GALERIE VIE,SASAGE,,
GALLARDAGALANTE,SASAGE,,
GALLEGO DESPORTES,サガール,,
GALLERIANT,サガール,,
GALLERY DEPT,SASAGE,※フェイク注意 ,
GALLERY VISCONTI,サガール,,
gallery visconty,サガール,,
Gallery1950,サガール,,
GALLEST,サガール,,
GALLIANO,サガール,,
galvanize,サガール,,
gameheads gomme,サガール,,
gaminerie,サガール,,
GANESH,サガール,,
GANGSTERVILLE,SASAGE,中高,
GANNI, SASAGE,,
GANRYU,SASAGE,※商社必須 ※フェイク注意　中高,
GANT Rugger,サガール,,
GAP,サガール,古そうなものはSASAGE,
Garbstore,サガール,,
GARCIA MARQUEZ gauche,サガール,,
Garden of Eden,サガール,,
GARMENT REPRODUCTION OF WORKERS,SASAGE,,
GARMONT,サガール,,
GARNI,SASAGE,,
GAS,サガール,※商社必須,
GASA*,サガール,,
Gauntlets,サガール,,
GAVROUM,サガール,,
GAYA,サガール,,
GB,サガール,,
GB SKINS,サガール,,
GBS TROUSERS,サガール,,
GDC,サガール,,
GeeRA,サガール,,
gelato pique,サガール,,
GEM KINGDOM,サガール,,
gemistic,サガール,,
GEMMA.H UOMO,サガール,,
GENERAL CONFUSION,サガール,,
GENERAL RESEARCH,SASAGE,,
GENERIC SURPLUS,サガール,,
Genet Vivien,サガール,,
Genetic Denim,サガール,,
Genri,サガール,,
genten,サガール,,
gentil,サガール,,
Gentle Fawn,サガール,,
GEORGE COX,SASAGE,,
GEORGE FROST,サガール,,
George's,サガール,,
georges memmi,サガール,,
GEORGES RECH,サガール,,
Georgina,サガール,,
georginagoodman,サガール,,
Gerald＆Stewart,サガール,,
GERARD DAREL,サガール,,
GERLAN JEANS,サガール,,
GERM,サガール,,
GERMANO,サガール,,
GERRY,サガール,,
GERUGA,サガール,,
get a life,サガール,,
Getta Grip,サガール,,
GG ET MARIA,サガール,,
GHERARDINI,サガール,,
Ghost,サガール,,
Giacometti.,サガール,,
GiAMBATTiSTA VALLi,サガール,,
GIANFRANCO FERRE,サガール,,
GIANNI CHIARINI,サガール,,
GIANNI GREGORI,サガール,,
GIANNI VERSACE,SASAGE,,
Gianvito Rossi,サガール,,
Giftur Crump,サガール,,
GIGGLYROY,サガール,,
GIGNI,サガール,,
gilasoL.,サガール,,
GILD,サガール,,
GILDED YOUTH,サガール,,
gilet,サガール,,
GILLES DUFOUR,サガール,,
GILLI,サガール,,
gillia,サガール,,
GILLY HICKS,サガール,※商社必須,
gima,サガール,,
Gimlet,サガール,,
Gina,サガール,,
GINETTE,サガール,,
GINGER ALE,サガール,,
GINZA,サガール,,
GINZA Kanematsu,サガール,,
GIOIA DELL’ACQUA,サガール,,
GIORDANO,サガール,,
GIORGIO ARMANI,SASAGE,※商社必須 ※フェイク注意,
GIORGIO BRATO,サガール,,
giovanni,サガール,,
giraffe,サガール,,
girl.by Band of Outsiders,サガール,,
Girl's Don't Cry,SASAGE,中高,
girly doll,サガール,,
Girtys Key,サガール,,
GISELe,サガール,,
GITMAN BROS.,サガール,,
GIULIANO FIJIWARA,サガール,,
GIUSEPPE ZANOTTI DESIGN,サガール,,
GIVENCHY,SASAGE,※商社必須 ※フェイク注意　中高,
GIZA,サガール,,
GLACIER,サガール,,
GLAD HAND,SASAGE,,
GLAM GENE,サガール,,
glamb,サガール,,
GLAMOROUS JANE,サガール,,
GLEAN＆Co.,サガール,,
glecier,サガール,,
glen fyne,サガール,,
GLEN GORDON,サガール,,
Glen Prince,サガール,,
Glenalmond,サガール,,
GLENROYAL,サガール,,
GLITGE,サガール,,
GLITTER,サガール,,
GLOBAL FORME CONCRETE,サガール,,
global rythme essence,サガール,,
GLOBAL WORK,サガール,,
GLOBE,サガール,,
GLOBE-TROTTER,サガール,,
Glorious Gigot,サガール,,
glory crew,サガール,,
Gloverall,サガール,,
GLOW,サガール,,
GMMDRIVE,サガール,,
go slow caravan,サガール,,
GO SPROUT,サガール,,
GO TO HOLLYWOOD,サガール,,
goa,サガール,,
GOD SELECTION XXX,SASAGE,中高,
GOEN.J,サガール,,
GOGO PHILIP,サガール,,
GOHEMP,サガール,,
Gola,SASAGE,,
GOLD 24karats Diggers,サガール,,
Gold Hawk,サガール,,
Golden Bear,サガール,,
golden freece,サガール,,
GOLDEN GOOSE,SASAGE,※商社必須 ,
GOLDSIGN,サガール,,
GOLDWIN,SASAGE,中高,
GOLF WANG,SASAGE,,
gomme,サガール,,
gomme ENFANT,サガール,,
GOMME HOMME,サガール,,
gonoturn,サガール,,
goocy,サガール,,
GOOD BREATH EQUIPMENT ＆ CO.,サガール,,
good hYOUman,サガール,,
GOOD OL',サガール,,
Good On,サガール,,
GOOD ROCK SPEED,サガール,,
good thing,サガール,,
GOODENOUGH,SASAGE,※フェイク注意 　中高,
goodie two sleeves,サガール,,
GOODS PRESS,サガール,,
Goodwear,サガール,,
Goody Grams,サガール,,
Goody Grams Add,サガール,,
GORGE,サガール,,
gorjana,サガール,,
GORO'S,SASAGE,※真贋必須,
gosha rubchinskiy, SASAGE,中高,
gotairiku,サガール,,
GOTTEX,サガール,,
GOUT COMMUN,サガール,,
GOVIL,サガール,,
GOWEST,サガール,,
GOYARD,SASAGE,※ブランド 　中高,
GRAB IN HOLLYWOOD,サガール,,
grace,サガール,,
GRACE by GOODY GRAMS,サガール,,
GRACE CLASS,サガール,,
GRACE CONTINENTAL,SASAGE,,
GRACE EASTERN,サガール,,
grace hats,サガール,,
gracis,サガール,,
GRAFFITI,サガール,,
grafik:plastic,サガール,,
Graham＆Spencer,サガール,,
Grail,サガール,※商社必須,
GRAM,サガール,,
Gramicci,SASAGE,,
GRAND FATHER,サガール,,
grandcanyon,サガール,,
GRANDEUR PLUS,サガール,,
GRANDMA MAMA DAUGHTER,サガール,,
GRANDMOTHER,サガール,,
Grandphase,サガール,,
GRANELLO,サガール,,
graniph,SASAGE,,
Granite Gear,サガール,,
granpapa,サガール,,
graph,サガール,,
GRAPHIT LAUNCH,サガール,,
graphpaper,SASAGE,中高,
grass,サガール,,
GRAVIS,サガール,,
Gravity,サガール,,
GRAZIE,サガール,,
GREAT BARRIER ISLAND BEE,サガール,,
GREED,サガール,,
green,サガール,,
green label relaxing,サガール,,
green MAN,サガール,,
Green Parks,サガール,,
Green Parks Topic,サガール,,
GREEN RABBIT,サガール,,
GREG LAUREN,SASAGE,※真贋必須　中高,
GREGORY,SASAGE,,
GRENFELL,サガール,,
GRENSON,サガール,,
GREVI,サガール,,
GRIFFIN,サガール,,
GRIFFIN HARTLAND,サガール,,
Grime effect,サガール,,
Grin Kids,サガール,,
grintmati,サガール,,
grips,サガール,,
GRL,サガール,,
GROOVY COLORS,サガール,,
Ground Y,SASAGE,中高,
grove,サガール,,
GROWN＆SEWN,サガール,,
GRYPHON,サガール,,
G-SHOCK,SASAGE,,
G-STAR RAW,SASAGE,※商社必須 ,
gsus sindustries,サガール,,
GTA,サガール,,
GU,サガール,,
GUACAMOLE,サガール,,
Guardian,サガール,,
GUCCI,SASAGE,※ブランド 　中高,
GUELL MUSTARD,サガール,,
guepard,サガール,,
GUESS,SASAGE,,
GUESS by Marciano,SASAGE,,
GUIA`S,サガール,,
GUIDO DI RICCIO,サガール,,
GUILD JACOMO GALLERY,サガール,,
GUILD PRIME,サガール,,
GUILLAUME LEMIEL,サガール,,
GUILLAUMOND,サガール,,
Gula,サガール,,
gunda,サガール,,
GUNG HO,SASAGE,,
GURI GURI,サガール,,
GURU,サガール,,
GUY ROVER,サガール,,
GYAKUSOU,SASAGE,※商社必須 ※フェイク注意,
GYDA,サガール,,
gymmaster,サガール,,
GYMPHLEX,SASAGE,,
Gypsy 05,サガール,,
GYPSY CLOTH,サガール,,
Gypsy Fire Stream,サガール,,
GYPSY THREE ORCHESTRA,サガール,,
GYPSY＆SONS,SASAGE,,
H,サガール,,
H 1203 MANO FECE,サガール,,
H by Hudson,サガール,,
H＆M,サガール,,
H&M,サガール,,
H.A.K,サガール,,
H.HOLIDAY,サガール,,
H.P.FRANCE,サガール,,
HaaT,SASAGE,中高,
HABANOS,サガール,,
HACHE,サガール,,
HACKETT LONDON,サガール,,
haco.,サガール,,
HAGAN,サガール,,
HAGLOFS,SASAGE,※商社必須 ※フェイク注意,
HAIDER ACKERMANN,SASAGE,,
HAKKA,サガール,,
HAKKIN.it,サガール,,
HALB,サガール,,
HALE BOB,サガール,,
HALFMAN,サガール,,
HALL OHARA,サガール,,
halo commodity,サガール,,
Halston Heritage,サガール,,
Hamble by Par Avion,サガール,,
HAMILTON,SASAGE,,
Hamiru,サガール,,
HAMNETT,サガール,,
HAMPTONS,サガール,,
HAN AHN SOON,サガール,,
Hanaa-fu,サガール,,
HANAE MORI,サガール,,
Hanako,サガール,,
HANALEI,サガール,,
HANES,サガール,,
hanii y.,サガール,,
Hapiness 10,サガール,,
Happy Factory,サガール,,
HAPPY HOUR Sunglasses,サガール,,
happy john,サガール,,
hardcover,サガール,,
hardy amies sport,サガール,,
HARE,SASAGE,,
HARICOT ROUGE,サガール,,
HARIM,サガール,,
HARLEY,サガール,,
Harley-Davidson,SASAGE,,
HARRIS BROWN,サガール,,
HARRIS TWEED, SASAGE,,
Harriss,サガール,,
Harrods,サガール,,
HARUMI 610,サガール,,
HARUTA,サガール,,
HARVEST LABEL,サガール,,
Harvey faircloth,サガール,,
Hasek,サガール,,
HASH BROWNS,サガール,,
Hashibami,サガール,,
Hashibami muse,サガール,,
HAT attack,サガール,,
hatra,サガール,,
hats ＆ dreams,サガール,,
haunt,サガール,,
haupia,サガール,,
HAUTE,サガール,,
havaianas,サガール,,
Have a good time,SASAGE,,
HAVERSACK,SASAGE,,
Hawk Company,サガール,,
HAYSTACK,サガール,,
HbG,サガール,,
he;pt,サガール,,
HEAD,サガール,,
HEAD PORTER,SASAGE,,
HEAD PORTER PLUS,SASAGE,,
HEADSTAR,サガール,,
Headstime,サガール,,
HEALTH,サガール,,
Healthknit,サガール,,
Healthy DENIM,サガール,,
HEATH,サガール,,
Heather,サガール,,
HEAVEN,サガール,,
HECTIC,サガール,,
HED MAYNER,SASAGE,中高,
HEDDIE LOVU,サガール,,
HEIMSTONE,サガール,,
HEINRICH DINKELACKER,サガール,,
Helen Kaminski,サガール,,
HELENE,サガール,,
heliopole,サガール,,
HELL CAT PUNKS,サガール,,
HELLER'S CAFE,SASAGE,,
hellolulu,サガール,,
Hellrazor,SASAGE,,
HELLS BELLS,サガール,,
HELLY HANSEN,SASAGE,,
HELMUT LANG,SASAGE,※商社必須 ※フェイク注意,
helter skelter,サガール,,
HeM,サガール,,
HEMISPHERES,サガール,,
Hender Scheme,SASAGE,中高,
Henrik Vibskov,サガール,,
HENRY BEGUELIN,サガール,,
henry high class Milano,SASAGE,※真贋必須,
HENRY＆HENRY,サガール,,
HER B,サガール,,
HERGOPOCH,サガール,,
HERILL, SASAGE,中高,
Hermafrodite,サガール,,
HERMES,SASAGE,※ブランド　中高,
HERMOSA,サガール,,
HERNO,SASAGE,※商社必須 　中高,
Heron Preston, SASAGE,,
Herschel Supply Co.,サガール,,
Herve Chapelier,サガール,,
HERZ,SASAGE,,
HEUGN, SASAGE,中高,
HEX,サガール,,
HEYUMM,サガール,,
HG,SASAGE,,
HIAND,サガール,,
HIBECK,サガール,,
hibino,サガール,,
HIDAKA,サガール,,
HIDE AND SEEK,SASAGE,,
HIGH STREET,サガール,,
HIGH! STANDARD,サガール,,
HIGHLAND 2000,SASAGE,,
HIGHLAND TWEEDS,サガール,,
HiLDK,サガール,,
HILFIGER DENIM,サガール,,
himitsu by syrup.,サガール,,
HIMMY,サガール,,
HIPANEMA,サガール,,
hippiness,サガール,,
Hippopotamus,サガール,,
HIROFU,サガール,,
HIROKO BIS,サガール,,
HIROKO HAYASHI,サガール,,
HIROMI TSUYOSHI,サガール,,
HISUI,サガール,,
HI-TEC,SASAGE,,
HK WORKS LONDON,サガール,,
HLAM,サガール,,
HLH,サガール,,
HLNA,サガール,,
HNBM,サガール,,
hobo,サガール,,
HOGAN,サガール,,
HOKA ONE ONE,SASAGE,中高,
Holic,サガール,,
holiday,サガール,,
holk,SASAGE,,
HOLLANDER＆LEXER,サガール,,
Hollister,サガール,,
HOLLYWOOD MADE,サガール,,
HOLLYWOOD RANCH MARKET,SASAGE,,
Hombre Nino,サガール,,
HOMECORE,サガール,,
Homers,サガール,,
HOMES' UNDERWEAR,サガール,,
HOMEWORKING,サガール,,
HONEY,サガール,,
Honey Bijou,サガール,,
Honey Bunch,サガール,,
Honey mi Honey,サガール,,
Honey Salon by foppish,サガール,,
Honeys,サガール,,
HoneySalon by foppish,サガール,,
HONORE,サガール,,
Honour Ovation,サガール,,
HOOD BY AIR HBA,SASAGE,※真贋必須,
HOORSENBUHS,SASAGE,,
HORACE,サガール,,
HORN G.M.T,サガール,,
hoss intropia,サガール,,
HOSU,サガール,,
HOTEL BUTTERFLY,サガール,,
HOUSE OF ANLI,サガール,,
HOUSE of Denim,サガール,,
HOUSE OF HACKNEY for PUMA,サガール,,
House Of Harlow1960,サガール,,
HOUSE OF HOLLAND,サガール,,
HOUSE OF THE GODS,サガール,,
House of Wilde,サガール,,
HOUSTON,SASAGE,,
HOW NATURAL?,サガール,,
HOWL,サガール,,
HTC,SASAGE,※フェイク注意 ,
huberto s.muller,サガール,,
HUF, SASAGE,,
hug u,サガール,,
HUGO BOSS, SASAGE,,
HUMAN MADE, SASAGE,中高,
HUMAN WOMAN,サガール,,
HUMANOID,サガール,,
HUNCH,サガール,,
HUNT,サガール,,
HUNTER, SASAGE,,
Hunting World,SASAGE,※ブランド,
HUNTISM,サガール,,
Hurley,サガール,,
HUS.,サガール,,
HusHusH,サガール,,
Hussein Chalayan,サガール,,
HVANA,サガール,,
HYDROGEN,SASAGE,※商社必須 ※フェイク注意,
HYKE, SASAGE,中高,
hype,サガール,,
HYPSO,サガール,,
HYSTERIC GLAMOUR,SASAGE,※商社必須 ※フェイク注意　中高,
HYSTERIC MINI,SASAGE,※商社必須 ※フェイク注意,
HYSTERICS,SASAGE,※商社必須 ※フェイク注意,
i,サガール,,
I am I,サガール,,
I AM I BOYGAL,サガール,,
I am I in fact...,サガール,,
I am I ONEROOM,サガール,,
I Eye's,サガール,,
I MEDICI,サガール,,
I PINCO PALLINO,サガール,,
I★RISH,サガール,,
IACUCCI,SASAGE,,
Ian R.N.,サガール,,
iBLUES,サガール,,
ICB,サガール,,
icebreaker,サガール,,
ICECREAM,サガール,,
ICHIE,サガール,,
ICHIMILE GRATORY,サガール,,
ICHI-MIRI,サガール,,
Ici et la,サガール,,
ICON,サガール,,
IDEA,サガール,,
IDEA LABEL,サガール,,
Idea Label BY BRUNO,サガール,,
IdeaDire,サガール,,
idealism sound,サガール,,
idem,サガール,,
IDENTITY IDEA URBAN RESERCH,サガール,,
IDEO GARAGE,サガール,,
IEDIT,サガール,,
IENA,SASAGE,,
IIIBeCa BY JOY GRYSON,サガール,,
ikka,サガール,,
IKUMI,サガール,,
ikurah,サガール,,
IL BISONTE,SASAGE,,
il by saori komatsu,サガール,,
ila,サガール,,
ila vee dub,サガール,,
ILIAD,サガール,,
iliann loeb,サガール,,
ILIMA,サガール,,
Illesteva,サガール,,
I'm home,サガール,,
IMIND,サガール,,
IMITATION,サガール,,
Imitation of Christ,サガール,,
IMPERIAL,サガール,,
in cloudiness,サガール,,
In Red,サガール,,
INARI,SASAGE,,
incarnation,サガール,,
incase,サガール,,
INCERTUS,サガール,,
INCOTEX, SASAGE,,
INDAH,サガール,,
INDEPENDENT, SASAGE,,
index,サガール,,
INDIAN MOTORCYCLE,サガール,,
INDISPENSABLE,サガール,,
INDIVI,サガール,,
INDIVI VAI,サガール,,
INDIVIDUALIZED SHIRTS,SASAGE,,
INDUSTRY OF ALL NATIONS,サガール,,
INED,サガール,,
INESTIMABLE,サガール,,
INFINITO,サガール,,
Influence,サガール,,
INGEBORG,サガール,,
INGLOTT,サガール,,
INGNI,サガール,,
INGRID,サガール,,
INHABITANT,サガール,,
INHALE EXHALE,サガール,,
INHERIT,サガール,,
INI,サガール,,
INKJET MAFIA,サガール,,
Innamorato,サガール,,
innocente,サガール,,
inov-8,SASAGE,,
Inpaichthys kerri,サガール,,
INSCRIRE,SASAGE,,
insight,サガール,,
Insonnia Knit Wear,サガール,,
INSTEAD WE SMILE,サガール,,
inter- chaussures,サガール,,
INTERLINEAIRE,サガール,,
INTERLUD,サガール,,
intermezzo,サガール,,
International Gallery BEAMS,サガール,,
INTERPLANET,サガール,,
interstaple,サガール,,
Intimate Diary,サガール,,
INVERALLAN,SASAGE,,
inverni,サガール,,
io,サガール,,
IO PELLE,サガール,,
io yukomura Ta,サガール,,
Ioannis,サガール,,
IOMMI,サガール,,
IOSSELLIANI,サガール,,
IPANEMA,サガール,,
ippei takei,サガール,,
Irelands eye,サガール,,
IRENE VAN RYB,サガール,,
IRIE LIFE,サガール,,
Iriee,サガール,,
iriiri,サガール,,
IRIS CLUB,サガール,,
IRO,サガール,,
iro;-R-,サガール,,
IRON HEART,SASAGE,中高,
IRONY,サガール,,
Iroquois,SASAGE,,
irose,サガール,,
Irregular Choice,サガール,,
ISAAC SELLAM,サガール,,
ISABEL MARANT,SASAGE,,
Isabela Capeto,サガール,,
ISAMUKATAYAMA BACKLASH,SASAGE,※商社必須 ※フェイク注意,
Isan Callas,サガール,,
ISAORA,サガール,,
ISBIT,サガール,,
iSkin,サガール,,
ISLAND SLIPPER,SASAGE,,
is-ness, SASAGE,中高,
Isola D'ischia,サガール,,
ISOOK,サガール,,
Issa London,サガール,,
ISSEY MIYAKE,SASAGE,※商社必須 ※フェイク注意　中高,
IT SHAKES HANDS,サガール,,
ITADAKI,サガール,,
ITALIAN SHOEMAKERS,サガール,,
itazura,サガール,,
ITEMS URBAN RESERCH,サガール,,
ITEMS URBAN RESERCH,サガール,,
IT'S DEMO,サガール,,
IT'S DEMO,サガール,,
Ivanka Trump,サガール,,
IVOIRE,サガール,,
ivory court,サガール,,
IWC,SASAGE,中高,
IZREEL,サガール,,
J BRAND,サガール,※商社必須,
j by blue,サガール,,
J＆Company,サガール,※商社必須,
J＆Goodmanhouse,サガール,,
J＆M Davidson,SASAGE,,
J.CREW,SASAGE,,
J.J. WINTERS,サガール,,
J.LINDEBERG,SASAGE,,
J.LO,サガール,,
J.M. WESTON,SASAGE,,
J.PRESS, SASAGE,,
J.R.Watkins,サガール,,
J.Sabatino,サガール,,
J.W.Anderson,SASAGE ,中高,
J.W.BRINE,サガール,,
jack gomme,サガール,,
JACK HENRY,サガール,,
Jack Russell Malletier,サガール,,
JACK SPADE,サガール,,
Jackman,サガール,,
JACKSON MATISSE,サガール,,
JACKY,サガール,,
JACOB COHEN, SASAGE,,
JACQUES LE CORRE,サガール,,
Jacques Marceau,サガール,,
JAIME MASCARO,サガール,,
JALAN SRIWIJAYA,サガール,,
JAM HOME MADE,SASAGE,,
JAMA RICO,サガール,,
James Charlotte,サガール,,
JAMES PERSE,サガール,,
Jamey,サガール,,
Jamgarden,サガール,,
Jamin Puech,サガール,,
JAMISON,サガール,,
JAN SPORT,サガール,,
JANE CARR,サガール,,
Jane Marple,サガール,,
JANE MORE,サガール,,
JANESMITH,サガール,,
janis market,サガール,,
Jas M.B.,サガール,,
JASON WU,サガール,,
Jassie,サガール,,
J'attache organic,サガール,,
JAVA,サガール,,
JAyco,サガール,,
JB Girl,サガール,,
JEAN DIADEM,サガール,,
JEAN GRISONI POUR VENDOME AOYAMA,サガール,,
JEAN NASSAUS,サガール,,
JEAN PAUL GAULTIER FEMME, SASAGE,,
JEANASIS,サガール,,
JEANCOLONNA,サガール,,
JEAN-PAUL GAULTIER, SASAGE,中高,
JEAN-PAUL KNOTT,サガール,,
JEANSHOP,サガール,,
Jeffrey Campbell,サガール,,
JELADO,SASAGE,中高,
Jel'emets solo,サガール,,
JELLY,サガール,,
JELLY BEANS,サガール,,
JELLY GARCIA premium wear,サガール,,
Jena espace merveilleux,サガール,,
JENEVIEVE,サガール,,
Jenni Kayne,サガール,,
Jen's Pirate Booty,サガール,,
JEORDIE’S,サガール,,
JEREMY SCOTT,サガール,,
JERRY PINK,サガール,,
Jessica Kagan Cushman,サガール,,
Jessica Simpson,サガール,,
JET,サガール,,
JET John Eshaya,サガール,,
Jet Label,サガール,,
jetee,サガール,,
JETSET SOLO PLUS,サガール,,
jevous enprie!,サガール,,
Jewel Changes,サガール,,
Jewelna Rose,サガール,,
Jewels ROUs,サガール,,
Jewels seek,サガール,,
JFOUR,サガール,,
JHS,サガール,,
Jieda, SASAGE,中高,
JIGGY,サガール,,
JIL SANDER, SASAGE,中高,
JILKY,サガール,,
JILL by JILLSTUART,サガール,※商社必須,
JILLSTUART,サガール,※商社必須,
JIMMY CHOO,SASAGE,※ブランド　中高,
JIMMYZ,サガール,,
Jimy’s Charmer,サガール,,
Jines,サガール,,
Jipijapa,サガール,,
Jiva,サガール,,
jj mercer,サガール,,
JjEeRrEeZz,サガール,,
JOAQUIN BERAO,サガール,,
jocomomola,サガール,,
Joe Casely-Hayford,サガール,,
JOE McCOY,SASAGE,中高,
JOE PORTER,サガール,,
JOE SANCHEZ,サガール,,
Joelle Gagnard,サガール,,
JOE'S JEANS,サガール,,
JOEY FACTORY,サガール,,
JOEY HYSTERIC,サガール,,
Johanna Ho,サガール,,
JOHN ARMERS,サガール,,
JOHN BRANIGAN WEAVERS,サガール,,
JOHN ELLIOTT, SASAGE,,
JOHN LAWRENCE SULLIVAN, SASAGE,,
JOHN LOBB,サガール,,
John Molloy,サガール,,
JOHN SMEDLEY, SASAGE,中高,
JOHN VARVATOS,サガール,,
JOHN＆PEARL,サガール,,
JOHN’S TEEPEE,サガール,,
Johnbull,SASAGE,,
Johnbull Private labo,サガール,,
JOHNNY MOKE,サガール,,
JOHNNY WAS,サガール,,
JOHN'S BY JOHNNY,サガール,,
Johnson Moters..Inc,サガール,,
Johnson Woolen Mills,サガール,,
Johnstons,SASAGE,,
JohnUNDERCOVER,SASAGE,※商社必須 ※フェイク注意　中高,
Joias,サガール,,
Joie,サガール,,
JOINTRUST,サガール,,
joke dog club,サガール,,
JOLI,サガール,,
JOLIE ASKA,サガール,,
Jolly Days,サガール,,
Jonathan Richard,サガール,,
Jonathan Simkhai,サガール,,
Jonnlynx,サガール,,
JOOMI LIM,サガール,,
JORDAN BRAND, SASAGE,,
josef otten,サガール,,
JOSEPH, SASAGE,,
JOSEPH ABBOUD,SASAGE,,
JOSEPH CHEANEY＆SONS,サガール,,
JOSEPH HOMME,SASAGE,,
JOSHI,サガール,,
Joshua SANDERS,サガール,,
Jouete,サガール,,
jouetie,サガール,,
joujou,サガール,,
JOUR de Language,サガール,,
JOURNAL STANDARD,SASAGE,,
journal standard Furniture,サガール,,
JOURNAL STANDARD J.S HOMESTEAD,SASAGE,,
journal standard L'essage,SASAGE,,
JOURNAL STANDARD LUXE,サガール,,
JOURNAL STANDARD relume,SASAGE,,
Journal Standard TRISECT,サガール,,
JOVONNA,サガール,,
Jovovich-Hawk,サガール,,
JOYRICH,SASAGE,※商社必須 ※フェイク注意,
JT ＆ CO,サガール,,
Juana de Arco,サガール,,
JUCO.,サガール,,
JugeETTA,サガール,,
juha,サガール,,
JUICY COUTURE,サガール,※商社必須,
jujube,サガール,,
Jujubee,サガール,,
JULIA PARKER,サガール,,
Juliana Jabour,サガール,,
Julie Sandlau,サガール,,
JULIEN DAVID,サガール,,
JULIUS, SASAGE,,
JUN ASHIDA,サガール,,
JUN OKAMOTO,サガール,,
JUN WATANABE,サガール,,
JUNCO Paris,サガール,,
JUNGLE STORM,サガール,,
junhashimoto, SASAGE,,
Juniper Ridge,サガール,,
JUNK de LUXE,サガール,,
JUNK FOOD,サガール,※商社必須,
junko koshino,サガール,,
JUNMEN,サガール,,
JUNOAH,サガール,,
JUNRed,サガール,,
JUNYA WATANABE COMME des GARCONS,SASAGE,※商社必須 ※フェイク注意　中高,
JUNYA WATANABE COMME des GARCONS MAN,SASAGE,※商社必須 ※フェイク注意　中高,
JUPITER,サガール,,
Jupiter＆Juno,サガール,,
juriae,サガール,,
JURIANO JURRIE,サガール,,
JUSGLITTY,サガール,,
Just Cavalli,SASAGE,※商社必須 ,
Just Don,SASAGE,,
JUSTIN BIEBER（GILDAN）,SASAGE,※真贋必須,
JUSTIN DAVIS,SASAGE,,
Jutta Neumann,サガール,,
Juun.J,サガール,,
JUVENILE HALL ROLLCALL,サガール,,
Juze,サガール,,
Jwyed,サガール,,
K.T KIYOKO TAKASE,サガール,,
K・SWISS,サガール,,
k3,サガール,,
k3＆co,サガール,,
ka::dinsky,サガール,,
kaene,サガール,,
kagure,SASAGE,中高,
Kahiko,サガール,,
Kai Lani,サガール,,
Kain Label,サガール,,
kakatoo,サガール,,
Kalliste,サガール,,
KAMATATI,サガール,,
KAMISHIMA CHINAMI,サガール,,
KANATA,SASAGE,,
KANEKO OPTICAL,SASAGE,中高,
KANGOL,SASAGE,,
Kangra,サガール,,
kanna,サガール,,
kao pao shu,サガール,,
Kaon,サガール,,
KAPITAL, SASAGE,中高,
Kappa,サガール,コラボならSASAGE,
Kaptain Sunshine,SASAGE,中高,
karakoram accessories,サガール,,
KAREN LIPPS,サガール,,
KAREN WALKER,サガール,,
KARHU,SASAGE,,
KariAng,サガール,,
KARINE,サガール,,
Karl Donoghue,サガール,,
KARL LAGERFELD,SASAGE,,
karl park lane,サガール,,
KARMA HIGHWAY,サガール,,
Karrimor,サガール,,
KARTIS,サガール,,
Kassiopea,サガール,,
Kastane,サガール,,
kate and kass,サガール,,
KATE MILLER,サガール,,
kate spade new york,SASAGE,※商社必須,
KATHARINE HAMNETT, SASAGE,,
KATHARINE ROSS,サガール,,
Katie,サガール,,
KATO`,SASAGE,,
KATSUYUKI KODAMA,サガール,,
KAVITA BHARTIA,サガール,,
KAVU,サガール,,
Kawa-Kawa,サガール,,
KAWI JAMELE,サガール,,
KAZUYUKI KUMAGAI ATTACHMENT, SASAGE,,
KBF,SASAGE,,
KC'S,SASAGE,,
KEATON CHASE,サガール,,
Keboz,SASAGE,※フェイク注意 ,
Keds,サガール,,
KEEN,SASAGE,,
KEI Hayama PLUS,サガール,,
keiji ITAKURA,サガール,,
Keikiii,サガール,,
keisuke kanda,サガール,,
KEITA,サガール,,
KEITA MARUYAMA,SASAGE,,
KEITH,サガール,,
Keith Haring,サガール,,
Kelen,サガール,,
KELENFORD,サガール,,
KELTY,サガール,,
Kemit,サガール,,
"Kengo Kuma + MA,YU",サガール,,
KENJIIKEDA,サガール,,
KENKENKEN,サガール,,
Kenneth Jay Lane,サガール,,
Kenny,サガール,,
Kentia,サガール,,
KENZO,SASAGE,※フェイク注意 　中高,
KENZO MINAMI,SASAGE,,
Kepani,サガール,,
kersh,サガール,,
KETTY,サガール,,
Keyte,サガール,,
KHADI ＆ CO,サガール,,
Khaju,サガール,,
KID BLUE,サガール,,
KIDILL, SASAGE,,
Kidole.,サガール,,
KIDS,サガール,,
KIDS LOVE GAITE,サガール,,
KIFFE,サガール,,
KIIRA,サガール,,
kiit,サガール,,
KIJIMA TAKAYUKI,サガール,,
KIKKA THE DIARY OF,サガール,,
KIKKER LAND,サガール,,
KIKS TYO,サガール,,
killah,サガール,,
Kimchi Blue,サガール,,
kiminori morishita,サガール,,
kinetics,サガール,,
Kinfolk,サガール,,
KINGLY THEATRE PRODUCTS,サガール,,
kino,サガール,,
KINO THE KEI,サガール,,
KINO THE KEI,サガール,,
KIRALY,サガール,,
kirkko,サガール,,
KIRSH,サガール,,
kiryuyrik,サガール,,
Kitamura,サガール,,
Kite and butterfly,サガール,,
KITH, SASAGE,中高,
Kitica,サガール,,
kitson,サガール,,
KITSUNE,SASAGE,※フェイク注意 ,
Kitsune' Tee,SASAGE,※フェイク注意 ,
Kiwanda,サガール,,
KiwaSylphy,サガール,,
KIWI,サガール,,
KKOK,サガール,,
kladskap,サガール,,
KLASICA,サガール,,
KLATTERMUSEN,SASAGE,,
Klin DENIM,サガール,,
KMB,サガール,,
KMRii,SASAGE,,
KNIFE ACOUSTICK GROOVE,サガール,,
knights of round table,サガール,,
Knit Kitchen,サガール,,
knitchy,サガール,,
KNITT03,サガール,,
KNOTT,サガール,,
KNOW WAVE, SASAGE,,
kobe husk,サガール,,
KOBE LETTUCE,サガール,,
KOE,サガール,,
KOhZO DENIM,サガール,,
koibitomisaki,サガール,,
kolor, SASAGE,中高,
kolor BEACON, SASAGE,中高,
Komodo,サガール,,
KONTATTO,サガール,,
KONTESSA,サガール,,
Kooba,サガール,,
KOOKS＆CHELICA,サガール,,
Koolaburra,サガール,,
KOOS,サガール,,
KOROMO BY RICO,サガール,,
KOSTAS MURKUDIS,サガール,,
KOSTYM BY CHEAP MONDAY,サガール,,
Kota Gushiken,SASAGE,中高,
KotoDaMA,サガール,,
kotohayokozawa,SASAGE,,
KRAFTRIPS＆Co.,サガール,,
KRIS VAN ASSCHE,SASAGE,※商社必須 ,
KRISTINA TI,サガール,,
KRIZIA,サガール,,
krone,サガール,,
KRYPTON,サガール,,
KSUBI, SASAGE,,
KTZ,SASAGE,,
ku:nel,サガール,,
kujaku,SASAGE,,
Kukka Lucca,サガール,,
KULSON,サガール,,
KUMIKYOKU,SASAGE,,
Kumikyoku SIS,サガール,,
KUNNA,サガール,,
kuose,サガール,,
KURFER TOO,サガール,,
kurica,サガール,,
KURO,サガール,,
kuskus,サガール,,
KUSTOM,サガール,,
Kutir,サガール,,
kvell,サガール,,
KWAY,サガール,,
K-WAY,サガール,,
kyoji maruyama,サガール,,
Kyuis,サガール,,
L,サガール,,
L by miss L-FIRE,サガール,,
L.B.M.1911,サガール,,
L.E.D.BITES,サガール,,
L.G.B.,サガール,,
L.H.P,SASAGE,,
L.I.F.E,サガール,,
L.L.Bean,SASAGE,,
L.vintage,サガール,,
L’allure,サガール,,
L’AMERICA,サガール,,
L’Appartement,サガール,,
L’AURA,サガール,,
L’histoire se repete,サガール,,
L’SULLY,サガール,,
L・SPACE,サガール,,
L7 REAL HIP,サガール,,
la belle Etude,サガール,,
la bonica,サガール,,
La Botte Gardiane,サガール,,
La Campanella,サガール,,
LA CASTA,サガール,,
La Claree,サガール,,
La cle,サガール,,
La Collection Compacte,サガール,,
La Comfy,サガール,,
la cream,サガール,,
La Defence,サガール,,
La Fine,サガール,,
La gemme,サガール,,
LA made,サガール,,
La Maison de Lyllis,サガール,,
La maison du marseille,サガール,,
LA MARINE FRANCAISE,サガール,,
LA MER COLLECTIONS,サガール,,
La mode BARENCIAGA,サガール,,
LA PERLA,サガール,,
La Piece,サガール,,
LA POMME petit,サガール,,
La Sartoria,サガール,,
La scene privee,サガール,,
La Tenace,サガール,,
La TOTALITE,サガール,,
la.f…,サガール,,
laboratory work,サガール,,
LABRAT,サガール,,
Labyrinth,サガール,,
Lace Ladies,サガール,,
Lacey Parker,サガール,,
LACKOLE,サガール,,
LACOSTE, SASAGE,,
LACOSTE L!VE, SASAGE,,
LAD MUSICIAN, SASAGE,,
LADUREE,サガール,,
Lady green,サガール,,
LADY LUCK LUCA,サガール,,
ladybird,サガール,,
LADYMADE,SASAGE,,
Lafayette, SASAGE,,
Lafuma,サガール,,
LAGASHA,サガール,,
La-gemme,サガール,,
L'AGENCE,サガール,,
Lagoon,サガール,,
LAGUNAMOON,サガール,,
LAGUST,サガール,,
LAISSE'PASSE',サガール,,
LAIZA,サガール,,
LAKAI,サガール,,
LaLa Senorita,サガール,,
LALACUB,サガール,,
Lalaglow,サガール,,
LALLEGRO,サガール,,
LAM CI,サガール,,
LAMINA,サガール,,
LAMOND.,サガール,,
Lampe Jente,サガール,,
LANCEL,SASAGE,,
L'Ancre,サガール,,
LAND OF FREEDOM,サガール,,
LAND'S END,サガール,,
LANDS OF Eden.,サガール,,
LANDSCAPE PRODUCTS,サガール,,
lands'end,サガール,,
Langlitz Leathers,SASAGE,,
Language,サガール,,
LANI,サガール,,
Lani california,サガール,,
LANTIKI CROWN,サガール,,
LANVIN,SASAGE,※商社必須 ,
LANVIN collection, SASAGE,※商社必須,
LANVIN en Bleu, SASAGE,※商社必須,
LANVIN Paris, SASAGE,※商社必須,
LAPIS BEAMS,サガール,,
LAPIS LUCE PER BEAMS,サガール,,
Lapis-miu,サガール,,
Lapuis,サガール,,
lapu-lapu,サガール,,
Lara＆Heart,サガール,,
L'arcobaleno,サガール,,
LARDINI, SASAGE,,
LaROK,サガール,,
LARRY,サガール,,
LASS MUSICIAN,サガール,,
LASSU＆FRISS,サガール,,
Last Wild Angel,サガール,,
LAST-HEAVEN,サガール,,
l'atelier du savon,サガール,,
LATESHOW,サガール,,
LATINA,サガール,,
Laugoa,サガール,,
LAUIR,サガール,,
Laula,サガール,,
LAULE'N,サガール,,
LAURA ASHLEY,サガール,,
LAURA ASHLEY london,サガール,,
LAURA DI MAGGIO,サガール,,
laura urbinati,サガール,,
LAUREN MERKIN,サガール,,
LAUREN MOFFATT,サガール,,
Lauren Moshi,サガール,,
LAUREN RALPH LAUREN, SASAGE,※真贋必須 ※低は3000円,
LAURENCE DOLIGE,サガール,,
L'AUTRE CHOSE,サガール,,
LAUTREAMONT,サガール,,
LAVENHAM,SASAGE,,
LAWRENCE STEELE,サガール,,
Laxmi,サガール,,
Layla Rose,サガール,,
LAZY OAF,サガール,,
LAZZERI,サガール,,
LB.04　NANOuniverse,サガール,,
LBC,サガール,,
LD prime,サガール,,
Le 14 Fevrier,サガール,,
LE A NOULE,サガール,,
Le Api Operaie,サガール,,
LE CERCLE par rop?,サガール,,
Le Chione,サガール,,
LE CIEL BLEU,サガール,,
le ciel de harriss,サガール,,
LE COMPLICI,サガール,,
le coq sportif,サガール,,
le cour blanc,サガール,,
LE CRABE ROUGE,サガール,,
LE GLAZIK,サガール,,
LE JOUR,サガール,,
LE JUN,サガール,,
Le LABOUREUR,サガール,,
Le meilleur,サガール,,
Le mie Ballerina,サガール,,
Le Minor,サガール,,
Le Passe-temps Bleu,サガール,,
le petit bleu,サガール,,
Le Sarte Pettegole,サガール,,
Le Talon,サガール,,
LE TiROiR de DRESSTERIOR,サガール,,
Le Tricoteur,サガール,,
Le Vernis,サガール,,
Le Verseau,サガール,,
Le Verseaunoire,サガール,,
le.coeur blanc,サガール,,
Lea Clement,サガール,,
LEADWORKS,サガール,,
Leather Island,サガール,,
Lee,SASAGE,,
LEFLAH,サガール,,
Left Alone,サガール,,
Left Field,サガール,,
Lefua lea,サガール,,
LEGENDA,SASAGE,,
Leilian,サガール,,
Lelativement,サガール,,
LEMAIRE, SASAGE,中高,
LEMINOR,サガール,,
lemlem,サガール,,
LEMON AND SODA JOINT WORKS,サガール,,
LEONARD, SASAGE,中高,
Leonard Kamhout,SASAGE,※ギャラ必須 ,
LEONIAS,サガール,,
LEOPOLDO GIORDANO,サガール,,
LEP LUSS,サガール,,
LEPSIM,サガール,,
LEPSIM LOWRYS FARM,サガール,,
L'EQUIPE YOSHIE INABA,サガール,,
LERARIO BEATRIZ,サガール,,
LES ACCESSOIRES CHARMANTS par nimes,サガール,,
LES BENJAMINS,SASAGE,,
LES BENJAMINS,サガール,,
LES BIJOUX DE SOPHIE,サガール,,
les Briqu’a braque,サガール,,
Les Copains,サガール,,
Les Folies Dharry,サガール,,
Les Nereides,サガール,,
Les Olivades,サガール,,
Les Prairies de Paris,サガール,,
les sacs adam,サガール,,
Lesca,SASAGE,,
LeSportsac,サガール,,
LESS THAN HUMAN,サガール,,
L'EST ROSE,サガール,,
LET IT RIDE,サガール,,
LETIZIA FERRARI,サガール,,
LeTom,サガール,,
Letroyes,サガール,,
leur logette,サガール,,
levia-lavia,サガール,,
Levi's,SASAGE,,
Levis BLACK,SASAGE,,
Levi's RED,SASAGE,,
LEVI'S VINTAGE CLOTHING,SASAGE,,
Lewis Leathers,SASAGE,※フェイク注意 　中高,
LEXDRAY,サガール,,
LEXX MODA,サガール,,
LEYENDECKER,サガール,,
LHS BLONDY,サガール,,
LIAN,サガール,,
LIBERTAS,サガール,,
LIBERTY,サガール,,
LibertyDoll,サガール,,
Libra,サガール,,
licht bestreben,サガール,,
lidah,サガール,,
liddelu,サガール,,
lideal,サガール,,
Liesse,サガール,,
LIFE BASIC COMMUNICATION,サガール,,
LIFE with BIRD,サガール,,
LIFEBASIC COMMUNICATION,サガール,,
liflattie ships,サガール,,
light ＆ will,サガール,,
Lightning Bolt,サガール,,
LIJ,サガール,,
LIKA MIMIKA,サガール,,
Like Saturday,サガール,,
LIL ALMOND,サガール,,
Lilas Campbell,サガール,,
LiLi Lurex,サガール,,
LILICIOUS,サガール,,
Lilid05,サガール,,
Lilidia,サガール,,
LILL,サガール,,
lilLilly,サガール,,
Lilly Lynque,サガール,,
Lilou,サガール,,
LILT,サガール,,
Lily,サガール,,
Lily Brown,サガール,,
Lily＆Betty,サガール,,
lilytoe,サガール,,
LIMI feu, SASAGE,中高,
LIMITLESS LUXURY,サガール,,
LINDA,サガール,,
Linea Pelle,サガール,,
LINGUA FRANCA,サガール,,
LION HEART,サガール,,
LIP OF HONEY,サガール,,
LIP SERVICE,サガール,,
LIPSTAR,サガール,,
LIPSY,サガール,,
Lisa Larson,サガール,,
Lisiere,サガール,,
LiSS,サガール,,
LISTEN HEARTBEAT,サガール,,
LITHIUM FEMME,サガール,,
LITHIUM HOMME,サガール,,
LITIRA,サガール,,
Little deicy,サガール,,
little emblem,サガール,,
Little me couture,サガール,,
Little sunny bite,サガール,,
LITTLEBIG,SASAGE,,
Littny,サガール,,
LIVERTINE,サガール,,
LiVES,サガール,,
LIVING CONCEPT,サガール,,
LIVS,サガール,,
LNA,サガール,,
loaf,サガール,,
Loake,サガール,,
LOAVES,サガール,,
LOCAL,サガール,,
LOCAL CELEBRITY,サガール,,
LOCAL SUPPLY,サガール,,
LOCALINA,サガール,,
Locals,サガール,,
Loderetto,サガール,,
LODGE,サガール,,
LODISPOTTO,サガール,,
LOEFF,SASAGE,,
LOEFFLER RANDALL,サガール,,
LOEWE,SASAGE,※ブランド 　中高,
LOGOS,サガール,,
lois crayon,サガール,,
LOKITHO,サガール,,
LOKY,サガール,,
LOLA,サガール,,
LOLITA JEANS,サガール,,
LOLO,サガール,,
LONDONFOG,サガール,,
Lone Lone,サガール,,
LONE ONES,SASAGE,中高,
Lonely Hearts,サガール,,
LONELY論理,SASAGE,,
LONGCHAMP, SASAGE,,
Lono,サガール,,
LONSDALE,サガール,,
loomstate,サガール,,
LOOP,サガール,,
loops,サガール,,
LOOPWHEELER,SASAGE,,
Loree Rodkin,SASAGE,,
LOREN’S,サガール,,
LORENZO-MARI,サガール,,
LORINZA,サガール,,
Loro Piana, SASAGE,中高,
LOS ANGELES APPAREL,SASAGE,,
LOSICARIE,サガール,,
LOST CONTROL,サガール,,
Lost dessau,サガール,,
lot holon,サガール,,
lot lamb,サガール,,
Lotta Love,サガール,,
Louches,サガール,,
louere,サガール,,
LOUIS FERAUD,サガール,,
LOUIS VUITTON,SASAGE,※ブランド 　中高,
LOUISON,サガール,,
Louｌou Willoughby,サガール,,
LOUNGE LIZARD,サガール,,
Loungedress,サガール,,
LOUNIE,サガール,,
Lourmarin,サガール,,
love ＆ hate,サガール,,
LOVE COULEUR,サガール,,
LOVE ESCAPE,サガール,,
Love Free,サガール,,
LOVE GIRLS MARKET,サガール,,
LOVE QUOTES,サガール,,
LOVE SAM,サガール,,
Love＆Peace＆Money,サガール,,
Lovedrose＆Co.,サガール,,
LOVEHUNTER,サガール,,
LOVELESS,サガール,,
loves by tomonga,サガール,,
LOVETOXIC,サガール,,
LOV-IN Bouquet,サガール,,
LOWRIDER,サガール,,
LOWRYS FARM,サガール,,
LOWY,サガール,,
LUANA,サガール,,
LUCA/LADY LUCK LUCA,サガール,,
LUCIANO FABBRI,サガール,,
Lucien Pellat-Finet, SASAGE,※商社必須,
Lucky Brand,サガール,,
LUCKY JOHN,サガール,,
lucure,サガール,,
LUCY IN DISGUISE,サガール,,
LUCY LOVE,サガール,,
LUDLOW,サガール,,
Luella,サガール,,
LUGGAGE LABEL,SASAGE,,
Lugnoncure,サガール,,
lui chantant,サガール,,
Lui e Lei,サガール,,
LUIGI BORRELLI,サガール,,
Lui's,SASAGE,,
LUKA＆jean,サガール,,
LUKER BY NEIGHBORHOOD,SASAGE,※フェイク注意 ,
Lulu FROST,サガール,,
LULU GUINNESS,サガール,,
LULU ON THE BRIDGE,サガール,,
LULU＆CO,サガール,,
LUMINOX,SASAGE,※T25表記必須 ,
LUNA LLENA,サガール,,
LuncH,サガール,,
Lupinas,サガール,,
LUSSO MALENA,サガール,,
Lusso vita weekend,サガール,,
lusteek,サガール,,
LUTZ,サガール,,
LUV Timmy,サガール,,
Luva TRAM,サガール,,
LUVISTRUE,サガール,,
Luvlicious,サガール,,
Luvourdays,サガール,,
Luxage Odette e Odile,サガール,,
Luxjewel,サガール,,
luxluft,サガール,,
LUXXM,サガール,,
LUZ,サガール,,
LVEU.,サガール,,
LYDIE,サガール,,
LYLE＆SCOTT,サガール,,
LYNN ADLER,サガール,,
M,サガール,,
M by mio notis,サガール,,
M＆M,サガール,,
M.Cohen,サガール,,
m.f.editorial,サガール,,
M.Fil,サガール,,
M.GRIFONI,サガール,,
m.marani,サガール,,
M.MOWBRAY,サガール,,
M.Nii,サガール,,
m.soeur,サガール,,
M.U.S,サガール,,
M.V.E,サガール,,
M/M ATTACHMENT,サガール,,
m’s select,サガール,,
M+RC, SASAGE,,
M･A･R･S,サガール,,
M2 by Sensounico,サガール,,
MA,サガール,,
MA*RS,サガール,,
MA_JULIUS,サガール,,
maan,サガール,,
maarenca,サガール,,
MAATEE＆SONS,SASAGE,中高,
mabu,サガール,,
MACARONIC,サガール,,
MACBETH,サガール,,
maccheronian,サガール,,
machatt,SASAGE,,
Mac-House,サガール,,
Mackage,サガール,,
MACKDADDY,サガール,,
Mackintosh,SASAGE,,
MACKINTOSH PHILOSOPHY,SASAGE,,
MACON ＆ LESQUOY,サガール,,
MACPHEE,SASAGE,,
MAD FOOT,サガール,,
MAD LOVE,サガール,,
MADAME A PARIS,サガール,,
MADDEN,サガール,,
Made in COLKINIKHA,サガール,,
made in HEAVEN,サガール,,
Made in JAPAN denim (middle straight),サガール,,
Made in JAPAN denim (slim straight),サガール,,
Made in JAPAN denim (straight),サガール,,
made in standard,サガール,,
made of Organics,サガール,,
MADE U LOOK,サガール,,
MADISON BLUE, SASAGE,,
MADRAS,サガール,,
Mads Norgaard,サガール,,
MAESTRI FIORENTINI,サガール,,
Magali Pascal,サガール,,
MAGIC NUMBER,サガール,,
MAGIC SQUARE,サガール,,
MAGIC STICK, SASAGE,,
Magical Design,SASAGE,※フェイク注意 ,
MAGICAL MOSH MISFITS, SASAGE,,
Magine,サガール,,
magneT,サガール,,
Magnetic,サガール,,
MAHARISHI, SASAGE,,
mahna mahna,サガール,,
MAIDEN NOIR,サガール,,
maillot,サガール,,
MAISON Birth,サガール,,
MAISON BOINET,サガール,,
MAISON BREEZE,サガール,,
Maison de FLEUR,サガール,,
MAISON DE THERESE,サガール,,
Maison de Vacances,サガール,,
MAISON GILFY,サガール,,
MAISON GRAY,サガール,,
MAISON GREY,サガール,,
MAISON KITSUNE,SASAGE,※商社必須 ※フェイク注意,
MAISON MARGIELA,SASAGE,※商社必須 ※フェイク注意,
MAISON MICHEL,サガール,,
MAISON MON AMOUR,サガール,,
MAISON SCOTCH,サガール,,
MAISON SPECIAL, SASAGE,,
MAISON＆VOYAGE,サガール,,
Maje,サガール,,
MAJESTIC FILATURES,サガール,,
MAJESTIC HOMME,サガール,,
MAJESTIC LEGON,サガール,,
MAKAVELIC,SASAGE,,
Makers,サガール,,
MAKI UEHARA,サガール,,
MAKIE,サガール,,
MAKIN JAN MA,サガール,,
maktig,サガール,,
MALAIKA,サガール,,
MALIBU SHIRTS,サガール,,
MALIPARMI,サガール,,
MALKOMALKA,サガール,,
Malle chambre de charme,サガール,,
MALOLES,サガール,,
mama,サガール,,
mame,サガール,,
MameKurogouchi,SASAGE,中高,
Mammut,SASAGE,※商社必須 ※フェイク注意　中高,
man＆wood,サガール,,
manana suerte,SASAGE,,
MANASTASH,SASAGE,,
MANDARINA DUCK,サガール,,
mando,サガール,,
Mane Fisker,サガール,,
MANEBI,サガール,,
MANGO,サガール,,
Manhattan Portage,SASAGE,,
ManhattanPassage,サガール,,
MANIAC WORKS,サガール,,
MANIERA,サガール,,
MANIERE de NOJESS,サガール,,
manipuri,サガール,,
MANNA,サガール,,
Manolo Blahnik,サガール,,
Manon＆Gigi,サガール,,
MANOUQUA,サガール,,
MANOUSH,サガール,,
Mansant,サガール,,
MANSUR GAVRIEL,サガール,,
manu,サガール,,
MANUAL ALPHABET,SASAGE,,
MANUFACTURED BY Sailor’s,サガール,,
manydope,サガール,,
mao made,サガール,,
MAPLE CREEKS,サガール,,
MAPTOTE,サガール,,
MAQUIA,サガール,,
MAR ENTERPRISE,サガール,,
Mara Hoffman,サガール,,
MARAIS USA,サガール,,
Marbeja,サガール,,
marble,サガール,,
marble sud,サガール,,
Marblee,サガール,,
MARBLES,サガール,,
MARC BERNSTEIN,サガール,,
Marc by Marc Jacobs,SASAGE,※商社必須 ※フェイク注意 ,
MARC JACOBS,SASAGE,※商社必須 ※フェイク注意 ,
Marc Le Bihan,サガール,,
MARCEL MARONGIU,サガール,,
MARCELO BURLON,SASAGE,※フェイク注意 ,
marchercher,サガール,,
MARCO BIANCHINI,サガール,,
marco masi,サガール,,
MARCO TAGRIAFERRI,サガール,,
MARCOMONDE,サガール,,
MARE,サガール,,
MARECHAL TERRE,サガール,,
MARELLA,サガール,,
MARGARET HOWELL,SASAGE,,
margaret nicole,サガール,,
MARGINAL GLAMOR,サガール,,
Maria Bonita Extra,サガール,,
MARIA CARLA,サガール,,
Maria La Rosa,サガール,,
MARIAN,サガール,,
mariclaire,サガール,,
Marie femme,サガール,,
Marie Laure Chamorel,サガール,,
MARIHA,サガール,,
Marilyn Moon,サガール,,
marimekko,SASAGE,,
MARINE UNIFORM,サガール,,
MARINEDAY,サガール,,
MARIO MATTEO,サガール,,
MARIO VALENTINO,SASAGE,,
MARIOS,サガール,,
Marios Schwab,サガール,,
Marisol,サガール,,
MARITHE + FRANCOIS GIRBAUD,SASAGE,※フェイク注意 ,
marjan pejoski,サガール,,
Mark Gonzales,サガール,,
MARK MCNAIRY,サガール,,
MARK＆LONA,サガール,,
marka,SASAGE,中高,
markaware,SASAGE,中高,
MARKEY'S,サガール,,
Markus Lupfer,サガール,,
marle,サガール,,
MARMOT,SASAGE,中高,
MARNI, SASAGE,中高,
marqet,サガール,,
MARQUI,サガール,,
marquis,サガール,,
Marquise de blanc,サガール,,
Mars,サガール,,
marsell,サガール,,
marshmallow crown,サガール,,
Martha Stewart Crafts,サガール,,
MARTIN GRANT,サガール,,
MARTIN MARGIELA,SASAGE,※商社必須 ※フェイク注意,
MARTINA,サガール,,
MARTINE ROSE,SASAGE,,
Martine sitbon,サガール,,
MARTINICA,サガール,,
martinique,サガール,,
martique,サガール,,
MARTLELO TOLEDO,サガール,,
MARVELETS,サガール,,
marvelous By Pierotto,サガール,,
marvelous by Pierrot,サガール,,
Marvy Jamoke,サガール,,
MARY AL TERNA,サガール,,
MARY QUANT,サガール,,
MASACA,サガール,,
MASACA HAT,サガール,,
MASAHITO UJI,サガール,,
Masaki Matsushima,サガール,,
MASAYUKI MARUKAWA,サガール,,
MASHU KASHU,サガール,,
MASLIN＆co,サガール,,
Mason Apartment,サガール,,
MASON DE PLAGE,サガール,,
MASSE*MENSCH,サガール,,
MASSIMO,サガール,,
Massimo Alba,サガール,,
MASTER＆Co,サガール,,
mastermind JAPAN,SASAGE,,
MASTERPIECE,サガール,,
master-piece,SASAGE,,
Masters,サガール,,
MASU, SASAGE,中高,
mat quotidien,サガール,,
MATATABI,サガール,,
matelasse durer,サガール,,
MATERIA,サガール,,
MATERIAL,サガール,,
MATIX,サガール,,
matohu,サガール,,
matrice by VOICEMAIL,サガール,,
MATRIOCHKA,サガール,,
MATT＆NAT,サガール,,
matta,サガール,,
Matthew Williamson,サガール,,
Maurie ＆ Eve,サガール,,
MAURIZIO PECORARO,サガール,,
MAURO de BARI,サガール,,
Mauro Grifoni,サガール,,
MAURON,サガール,,
MAUVAISES HERBES,サガール,,
Max Mara,SASAGE,,
Max＆Co.,サガール,,
maxandcleo,サガール,,
Maxi,サガール,,
maxsix,サガール,,
Maybook,サガール,,
MAYLE,サガール,,
MAYO SPRUCE,サガール,,
MAYSON GREY,サガール,,
MAYURA,サガール,,
McGREGOR,SASAGE,,
MCM,SASAGE,中高,
McQ,SASAGE,,
McQ ALEXANDER McQUEEN PUMA,SASAGE,,
McRitchie,サガール,,
me,サガール,,
me couture,サガール,,
Me Myself,サガール,,
me you,サガール,,
me＆me couture,サガール,,
meagratia,サガール,,
mean,サガール,,
meanswhile,サガール,,
MEDA,サガール,,
Medecine Douce,サガール,,
mederu jewelry,サガール,,
MEDICINE OPTICS,サガール,,
MEERMIN,サガール,,
MEG SASAKI,サガール,,
MEGAN PARK,サガール,,
megumi ochi,サガール,,
MEI,サガール,,
MEI HAN HUI YI JIAO,サガール,,
meidy,サガール,,
Meissi,サガール,,
meJane,サガール,,
mel,サガール,,
melan cleuge,サガール,,
MELANTRICK HEMLIGHET,サガール,,
melie bianco,サガール,,
melissa,サガール,,
Melissa McArthur,サガール,,
mellow yellow PARIS,サガール,,
MELO,サガール,,
melple,サガール,,
MELROSE,サガール,,
MEMENTISM,サガール,,
MEMENTO,サガール,,
MEN'S BIGI,サガール,,
MEN'S MELROSE,サガール,,
MERCEDES SALAZAR,サガール,,
Merceria Dressterior,サガール,,
merci,サガール,,
mercibeaucoup,サガール,,
mercules,サガール,,
MERCURY Bijou,サガール,,
MERCURYDUO,サガール,,
mercuryLUX,サガール,,
mercy.,サガール,,
Meridian,サガール,,
MERINO GOLD,サガール,,
merlot,サガール,,
MERRELL,SASAGE,,
MERREM,サガール,,
merry jenny,サガール,,
MERVEILLE H.,サガール,,
Mes Demoiselles...,サガール,,
MET,サガール,,
Metamorphose,サガール,,
metem select,サガール,,
MEW New York,サガール,,
Mezcalero,サガール,,
MezzoPiano,サガール,,
MHI by maharishi,サガール,,
MHL.,SASAGE,,
Mi Armario,サガール,,
MIANSAI,サガール,,
MICA＆DEAL,サガール,,
MICHAEL BASTIAN,サガール,,
MICHAEL KORS, SASAGE,,
Michal Negrin,サガール,,
MICHEL KLEIN,サガール,,
MICHEL KLEIN HOMME,サガール,,
MICHEL PERRY,サガール,,
MICHEL VIVIEN,サガール,,
MICHIKO LONDON KOSHINO,サガール,,
MICOAMERI,サガール,,
MID by MIDWEST,サガール,,
MID TIDE,サガール,,
MidiUmi,サガール,,
MIDIUMISOLID,サガール,,
Midorikawa, SASAGE,中高,
MIDWEST,サガール,,
miel,サガール,,
miel crishunant,サガール,,
mielle,サガール,,
miely,サガール,,
miette,サガール,,
Mighty Shine,サガール,,
MIGHTY-MAC,サガール,,
MiH Jeans,サガール,,
MIHARA YASUHIRO, SASAGE,中高,
MIIA,サガール,,
miimu cirsium japonicum,サガール,,
miista,サガール,,
MIKA SAROLEA,サガール,,
Mike ＆ Chris,サガール,,
Miki MIALY,サガール,,
mikia,サガール,,
MIKIMOTO,サガール,,
mikke,サガール,,
mila mila,サガール,,
Mila Owen,サガール,,
milesto,サガール,,
MILK,サガール,,
milk ＆ soda,サガール,,
MILKBOY, SASAGE,,
MILKCRATE,サガール,,
MILKFED.,SASAGE,,
MILLE REVE,サガール,,
millennia,サガール,,
MILLER,サガール,,
MILLET,SASAGE,,
millieto,サガール,,
MILLION CARATS,サガール,,
Milly,サガール,,
Milok,サガール,,
mily bilet,サガール,,
mimi＆roger,サガール,,
Mimic Copenhagen,サガール,,
mimo,サガール,,
min plume,サガール,,
MIN.LI..ELL,サガール,,
mina perhonen,SASAGE,中高,
Mind Code,サガール,,
mindseeker, SASAGE,,
MINEDENIM,SASAGE,中高,
minelli,サガール,,
Minelli Renato,サガール,,
MINI A TURE,サガール,,
minimarket,サガール,,
MINIMINI,サガール,,
MINIMINI STORE,サガール,,
MINIMUM,サガール,,
minirdees,サガール,,
MINK PINK,サガール,,
Minnetonka,サガール,,
MINOTAUR,サガール,,
mint,サガール,,
Mint conditions,サガール,,
mintdesigns,サガール,,
Minx,サガール,,
mio.y,サガール,,
miraco,サガール,,
miraville,サガール,,
MIRIAM HASKELL,サガール,,
Miriam Ocariz,サガール,,
MIRROR OF Shinzone,サガール,,
misaharada,サガール,,
MISCELLANEOUS,サガール,,
MISCH MASCH,サガール,,
MISHKA, SASAGE,,
Miss Adora,サガール,,
miss ashida,サガール,,
Miss Bibi,サガール,,
MISS L-FIRE,サガール,,
Miss Me,サガール,,
MISSONI,サガール,,
mitchell&ness,SASAGE,※フェイク注意 ,
miu miu,SASAGE,※ブランド 　,
MIX SHOES,サガール,,
mixing blue,サガール,,
MIXTA,サガール,,
mizuiroind,SASAGE,,
MIZUKI,サガール,,
mizuno,サガール,,
MIZUNO CREATION,サガール,,
mjuka,サガール,,
MK MICHEL KLEIN,サガール,,
MK MICHEL KLEIN  HOMME,サガール,,
Mk2k,サガール,,
MM by Mami Mochinaga,サガール,,
MM6, SASAGE,中高,
mmts,サガール,,
MN.L,サガール,,
MNbyLepidos,サガール,,
MNEMOSYNE / KID'S,サガール,,
MNG,サガール,,
mnml,SASAGE,,
MOBILE ASHTRAY,サガール,,
mocha,サガール,,
mocoa's,サガール,,
MODALU,サガール,,
Mode et Jacomo,サガール,,
Modify,サガール,,
MofM(manofmoods),SASAGE,,
MOGA,SASAGE,,
MOHI,サガール,,
Mollini,サガール,,
molo kids,サガール,,
momoni,サガール,,
Mon tsuki,サガール,,
MONCLER,SASAGE,※商社必須 ※フェイク注意,
monde of gloria,サガール,,
MONET,サガール,,
MONETA BLU,サガール,,
monikoto,サガール,,
MONIQUE CHARTLAND by GOODY GRAMS,サガール,,
MONITALY,サガール,,
MONKEE GENES,サガール,,
monkey bite,サガール,,
MONKEY TIME,SASAGE,,
MONKEYBUSINESS,サガール,,
Monocrom,サガール,,
MONOe,サガール,,
MONOLITH,SASAGE,,
monomania,サガール,,
Monro,サガール,,
MONROW,サガール,,
MONSIEUR LACENAIR,サガール,,
MONSIEUR LACENAIRE,サガール,,
MONTANA,サガール,,
MONTANE,サガール,,
mont-bell,SASAGE,,
MONTBLANC,SASAGE,※ブランド ,
MONTEDORO,サガール,,
MONTGOMERY,サガール,,
Montura,サガール,,
MOOK.,サガール,,
MOOMIN,サガール,,
MoonNee,サガール,,
MOONSTONE,サガール,,
MOORER,サガール,,
MORABITO,サガール,,
more than words,サガール,,
MORGAN DE TOI,サガール,,
MORGAN HOMME,サガール,,
MORIKAGE SHIRT,サガール,,
MOROKOBAR,サガール,,
Morphine Generation,サガール,,
Morris ＆ Sons,SASAGE,中高,
MORRISON NEW YORK,サガール,,
MOSCHINO, SASAGE,,
MOSCHINO CHEAP AND CHIC,サガール,,
MOSCHINO JEANS, SASAGE,,
MOSCOT,SASAGE,※フェイク注意 　中高,
Mossimo,サガール,,
MOSSLIGHT,サガール,,
MOTEL,サガール,,
Motel Rocks,サガール,,
mother,サガール,,
MOTHER DENIM,サガール,,
Mother of Pearl,サガール,,
MOTIVE,サガール,,
motonari ono,サガール,,
MOUNTAIN EQUIPMENT,SASAGE,,
MOUNTAIN HARD WEAR,SASAGE,中高,
MOUNTAIN RESEARCH, SASAGE,,
MOUNTAIN SMITH,サガール,,
mountainmania,サガール,,
MOUSSY,サガール,,
MOYNA,サガール,,
M-PREMIER,サガール,,
M-premier BLACK,サガール,,
MR HEARTS,サガール,,
Mr. BATHING APE,サガール,,
Mr.Black,サガール,,
MR.CARRY,サガール,,
MR.EVERYDAY`S,サガール,,
Mr.GENTLE MAN,サガール,,
MR.OLIVE,サガール,,
MR.OLIVE(Eagle Of Independence),サガール,,
MR.VARAL,サガール,,
m's braque,サガール,,
M'S GRACY,SASAGE,　,
M's select,サガール,,
Ms.SandyClause,サガール,,
MSGM,SASAGE,※商社必須 ,
MSPC,サガール,,
Mt RAINIER DESIGN,SASAGE,※フェイク注意 ,
mtg.,サガール,,
mudoca,サガール,,
MUGNAI,サガール,,
muguet,サガール,,
MUHLBAUER,サガール,,
MUIR,サガール,,
MUK,サガール,,
mukii,サガール,,
Mulberry,サガール,,
mulinsen,サガール,,
muller of yoshiokubo,サガール,,
multeepurpose,サガール,,
MULTIPLE MARMERADE,サガール,,
Munich,サガール,,
munsinngwear,サガール,,
Murder License,サガール,,
MURIEL＆MERCURIA,サガール,,
MURMUR,サガール,,
MURRAL,サガール,,
MURUA,サガール,,
MUSE,サガール,,
MUSE de Deuxieme classe,サガール,,
MUSEE DUJI,サガール,,
MuseR,サガール,,
museum neu,サガール,,
museum neu v,サガール,,
musingwear,サガール,,
musinsa standard,サガール,,
muta, SASAGE,,
MUVEIL,サガール,,
MUVEIL WORK,サガール,,
MUZE,サガール,,
MUZINA,サガール,,
MWOBHM,サガール,,
my beautiful land let, SASAGE,中高,
my D'artagnan,サガール,,
My Fav. CHILD WOMAN,サガール,,
my panda,サガール,,
My:nia,サガール,,
MYE-DO',サガール,,
MYKITA,SASAGE,中高,
Mynt Denim,サガール,,
MYSTERY RANCH,サガール,,
mystic,サガール,,
MYSTIQUE,サガール,,
Mystrada,サガール,,
mysty woman,サガール,,
MySuelly,サガール,,
mythography,サガール,,
MZ WALLACE,サガール,,
nﾟ 11,サガール,,
nﾟ 44,サガール,,
n(n),SASAGE,※フェイク注意 ,
n(n) BY NUMBER (N)INE,SASAGE,※フェイク注意 ,
N. Natural Beauty Basic,サガール,,
N.HOOLYWOOD, SASAGE,中高,
N.I.M,サガール,,
n.o.u.s,サガール,,
N21 numero ventuno,SASAGE,,
N4,サガール,,
N゜8VANI,サガール,,
NADA.,サガール,,
nairo,サガール,,
naisia,サガール,,
NAISSANCE,サガール,,
NAiyMA,サガール,,
NAKAMOL,サガール,,
Naked ＆ Famous,SASAGE,中高,
nakEd bunch,サガール,,
naked sun,サガール,,
NAKID by G.V.G.V.,サガール,,
NAMACHEKO.,SASAGE,中高,
Name., SASAGE,,
nana,サガール,,
nana nadesico,サガール,,
nanamica, SASAGE,中高,
NANATONE,サガール,,
nanette lepore,サガール,,
NANGA,SASAGE,中高,
NANNINI,サガール,,
nano base,サガール,,
nano&co,サガール,,
nano・universe,SASAGE,,
nanushka,SASAGE,,
NAOT,SASAGE,,
napron,サガール,,
NARACAMICIE,サガール,,
narciso rodriguez,サガール,,
Nardelli,サガール,,
narifuri,SASAGE,,
NARRATIVE PLATOON,サガール,,
NaRu,サガール,,
NARVI’K,サガール,,
Nasngwam,サガール,,
NASSOW,サガール,,
NATAL DESIGN,サガール,,
NATION,サガール,,
national standard,サガール,,
Native,サガール,,
NATTAHNAM,サガール,,
Natupa,サガール,,
NATURAL BEAUTY BASIC,サガール,,
natural stance Libre,サガール,,
NATURAL WORLD,サガール,,
NAU,サガール,,
NAUTICA,SASAGE,,
NAVAL,サガール,,
NAVANA,サガール,,
navasana,サガール,,
NAVE,サガール,,
NAVY,サガール,,
Nazareno Gabrielli,サガール,,
NBA,サガール,,
ncLA,サガール,,
NCOVER,サガール,,
ne,サガール,,
Ne Ne California,サガール,,
NE QUITTEZ PAS!,サガール,,
near.nippon.,サガール,,
NEAT,SASAGE,中高,
Nebulla Venti,サガール,,
Nebuloni,サガール,,
Needles,SASAGE,※商社必須 ※フェイク注意　中高,
neela,サガール,,
NEI,サガール,,
NEIGHBORHOOD,SASAGE,※フェイク注意 　中高,
NEIL BARRETT,SASAGE,※商社必須 ※フェイク注意,
nemne,サガール,,
nena,サガール,,
NENEMONA,サガール,,
Ne-net,サガール,,
NEO,サガール,,
Neon,サガール,,
Neon Soda,サガール,,
NEPENTHES,SASAGE,,
NEPLA,サガール,,
nesessaire,サガール,,
nest Robe,SASAGE,,
NESTA,サガール,,
Neukoln,サガール,,
neutralworks,サガール,,
NEW BALANCE,SASAGE,,
NEW ERA, SASAGE,,
NEW WORLD ORDER,サガール,,
NEW YORK HAT,サガール,,
New York Industrie,サガール,,
newyorker,サガール,,
NEXUSVII,サガール,,
Nfy,サガール,,
ni plus ni moins REI,サガール,,
NICE COLLECTIVE,サガール,,
NICECLAUP,サガール,,
NICENESS, SASAGE,,
niche.,サガール,,
NICHOLAS K,サガール,,
nici,サガール,,
NICKY,サガール,,
Nicolas Andreas Taralis,サガール,,
NICOLAS＆MARK,サガール,,
NICOLE CLUB,サガール,,
NICOLE CLUB FOR MEN,サガール,,
NICOLE FARHI,サガール,,
Nicole Lee,サガール,,
nicole miller,サガール,,
Nigel Cabourn,SASAGE,中高,
NIGOLD,サガール,,
NIKE,SASAGE,※フェイク注意 ,
NIKE NSW, SASAGE,,
NIKE SB,SASAGE,※フェイク注意 ,
niko and...,サガール,,
nil admirari,サガール,,
NILI LOTAN,SASAGE,,
NIMES,サガール,,
nimes et nimes,サガール,,
nina mew,サガール,,
NINA RICCI,SASAGE,,
nina's,サガール,,
NINE,サガール,,
Nine ground,サガール,,
Nine Tailor,サガール,,
NINE WEST,サガール,,
NineMicrophones,サガール,,
ninita,サガール,,
nisica,SASAGE,,
NISUS HOTEL,サガール,,
NIT,サガール,,
nitca,サガール,,
NITEKLUB,サガール,,
nitraid,サガール,,
niuhans,サガール,,
NIXON,SASAGE,,
NLST,SASAGE,,
nnn,サガール,,
no brand,サガール,,
NO CONTROL AIR,SASAGE,,
NO ID.,SASAGE,,
NO KIDDING,サガール,,
NO NAME,SASAGE,,
No.l.ita,サガール,,
No6,SASAGE,,
NOAH,SASAGE,※真贋必須,
NOBLE,サガール,,
Noble Birth,サガール,,
nobox,サガール,,
Noela,SASAGE,,
noglam,サガール,,
nogle,サガール,,
NOJESS,SASAGE,,
Nokcha,サガール,,
NOLLEY’S,SASAGE,,
NOMA t.d., SASAGE,中高,
nomber impair,サガール,,
NOMBRE IMPAIR,サガール,,
Nomine,サガール,,
NON TOKYO,SASAGE,,
nonnative, SASAGE,中高,
non-sens,サガール,,
NookNook,サガール,,
nooy,サガール,,
n'Or,サガール,,
NORA,サガール,,
norikoike,サガール,,
normakamali,SASAGE,,
Norrona,SASAGE,,
Norse Projects,SASAGE,,
NORTH BEACH,サガール,,
NORTH WORKS,サガール,,
northcorner,サガール,,
NOT RIGID,サガール,,
nota,サガール,,
note et silence,サガール,,
NOTIFY,サガール,,
nouno,サガール,,
November,サガール,,
NOVESPAZIO,サガール,,
NOVESTA,SASAGE,,
noyet,サガール,,
NOZOMI ISHIGURO,SASAGE,,
npw,サガール,,
NR.FLAG,サガール,,
NU,サガール,,
nu collective,サガール,,
nuala,サガール,,
NUDE PLUS,サガール,,
nude:masahiko maruyama,SASAGE,,
Nudie Jeans, SASAGE,※商社必須,
NUEVO,サガール,,
Nuggets,サガール,,
NUMBER (N)INE, SASAGE,中高,
NUMBER (N)INE DENIM, SASAGE,,
NUMBER STANDARD,サガール,,
NUMBER TWENTY-ONE,SASAGE,,
NUMERO UNO,サガール,,
NUMPH,サガール,,
nunu,サガール,,
NUTS＆BONES,SASAGE,,
NUUR,サガール,,
ny,サガール,,
Nylaus,サガール,,
NYMPH,サガール,,
nymphea,サガール,,
O gran naso!,サガール,,
O project,SASAGE,,
o.d.o,サガール,,
O.K.,サガール,,
O.M.G,サガール,,
O.X.S RUBBER SOUL,サガール,,
O’2nd,サガール,,
O’NEIL of DUBLIN,SASAGE,,
OAK STREET,SASAGE,,
OAKLEY,SASAGE,,
OAMC, SASAGE,中高,
Obelisk,サガール,,
OBEY, SASAGE,,
OBJETSTANDARD,サガール,,
Obstinacy,サガール,,
occupy,サガール,,
ocean pacific,サガール,,
OCEAN UNION GENERAL STORE,サガール,,
ODD FUTURE,SASAGE,,
Odd molly,SASAGE,,
Odd studio,サガール,,
ODD-EVEN,サガール,,
Odette e Odile,SASAGE,,
Odeur,サガール,,
oeuf doux,サガール,,
OF THE NEIGE STYLE,サガール,,
OF TWO MINDS,SASAGE,,
OFF-WHITE,SASAGE,中高,
OFUON,サガール,,
Oh Sherry,サガール,,
ohta, SASAGE,,
ojaga design,SASAGE,,
OKIRAKU,サガール,,
OKURA,SASAGE,,
OLD BETTYS,サガール,,
OLD ENGLAND,SASAGE,,
OLD JOE ＆ CO.,サガール,,
OLD NAVY,サガール,,
OLD･VINTAGE,サガール,,
OLGA DE POLGA,サガール,,
OLIKA,サガール,,
OLIVEdesOLIVE,サガール,,
OLIVER PEOPLES,SASAGE,,
OLIVIA HARRIS,サガール,,
Olivia Morris,サガール,,
OLTA DESIGN GARMENTS,サガール,,
Omar Afridi,サガール,,
omekashi,サガール,,
OMMO,SASAGE,,
OMNES,サガール,,
OMNES Supremo,サガール,,
OMNIGOD,サガール,,
OmniPeace,サガール,,
OMSK,サガール,,
on,SASAGE,中高,
ON THE BOARD,サガール,,
ONE,サガール,,
one after another NICE CLAUP,サガール,,
ONE CALIFORNIA DAY,サガール,,
One deux boo,サガール,,
ONE GRAVITY,サガール,,
ONE PIECE OF ROCK,SASAGE,中高,
one spo,サガール,,
One Tea spoon,サガール,,
ONE True Saxon,サガール,,
one way,サガール,,
ONE・T・SHIRT.,サガール,,
ONEHUNDRED ATHLETIC,サガール,,
oneil,サガール,,
ONES STROKE,サガール,,
ONITSUKA TIGER,SASAGE,,
Only Hearts,サガール,,
ONLY NY,サガール,,
ONSPOTZ,サガール,,
ONTOUR,サガール,,
OOFOS,SASAGE,,
OPAQUE,サガール,,
OPAQUE.CLIP,サガール,,
opelka,サガール,,
OPENING CEREMONY, SASAGE,,
operation,サガール,,
OPPURE,サガール,,
Optitude,サガール,,
or Glory,サガール,,
or slow,SASAGE,中高,
ORAQLE,サガール,,
ORCHID,サガール,,
ORCIANI,SASAGE,,
ORCIVAL,SASAGE,,
Ordinary fits,サガール,,
organic by john patrick,サガール,,
organic mind,サガール,,
ORGUEIL,サガール,,
ORIAN,サガール,,
ORIENT,SASAGE,,
ORiental TRaffic,サガール,,
Original.,サガール,,
OriginalFake, SASAGE,,
ORIHICA,サガール,,
ORION LONDON,サガール,,
ORNER,サガール,,
Orobianco,SASAGE,※フェイク注意 ,
Orobianco baby,SASAGE,,
OROLAY,サガール,,
ORONERO,サガール,,
ORPHIC,SASAGE,,
orSlow,SASAGE,中高,
Oscar de la Renta,SASAGE,,
OSH KOSH,サガール,,
OSHIMA REI,SASAGE,,
OSKLEN,SASAGE,,
OSMOSIS,サガール,,
OSSA MONDO,サガール,,
other.,サガール,,
Others.,サガール,,
Otias,サガール,,
OTIS＆MACLAIN,サガール,,
otoaa,サガール,,
oui，Ayano Ruban,サガール,,
Our Legacy, SASAGE,中高,
OURET,SASAGE,,
OUT of ACTION,SASAGE,,
OUTDOOR PRODUCTS,サガール,,
OUTDOOR RESEARCH,サガール,,
OUTERKNOWN,サガール,,
OUTIL,SASAGE,中高,
OVER THE STRIPES,サガール,,
OVER THE TWELVE,サガール,,
OVERCOAT,SASAGE,中高,
OVERDESIGN,SASAGE,,
override,サガール,,
OWEN BARRY,SASAGE,,
OWL,サガール,,
OY,SASAGE,,
OZOC,サガール,,
P.A.R.O.S.H,SASAGE,,
P.Cornillon,サガール,,
P.G.FLORENCE,サガール,,
P01,サガール,,
PABRO,SASAGE,※真贋必須,
PACCBET, SASAGE,,
PACO GIL,SASAGE,,
PACT,サガール,,
Padmore＆Barnes,SASAGE,,
PADRONE,SASAGE,中高,
PADRONE MUSEUM,サガール,,
PAGEBOY,サガール,,
PAIGE Denim,SASAGE,,
PAINKILLER,サガール,,
pairmanon,サガール,,
ＰＡＬＡＣＥ, SASAGE,中高,
PALACE Skateboards,SASAGE,※商社必須 　中高,
PALADIN,サガール,,
PalinkA,サガール,,
PALLADIUM,SASAGE,,
Pal'las Palace,サガール,,
PALM ANGELS,SASAGE,※フェイク注意 ,
Palma,サガール,,
Palme d'Or,サガール,,
PALMSTROKE,サガール,,
Paloma Barcelo,SASAGE,,
PAM,SASAGE,,
PAM＆GELA,サガール,,
Pamela Love,SASAGE,,
PAMEO POSE,サガール,,
panaji,サガール,,
PANDORA,SASAGE,,
PANTANETTI,サガール,,
PANTOFOLA DORO,SASAGE,,
pao de lo,サガール,,
Pao.de.lo,サガール,,
PAOLA FERRI,サガール,,
PAOLA FRANI,SASAGE,,
PAOLO BIONDINI,サガール,,
PAOLO MASI,サガール,,
PAOLO PECORA MILANO,SASAGE,,
PAPARAZZI,サガール,,
Papaya,サガール,,
PAPER CHEST,サガール,,
Paper Denim ＆ Croth,サガール,,
PAPER STORAGE COMPANY,サガール,,
Paperwallet,サガール,,
PAPIER TIGRE,サガール,,
Papillio,サガール,,
PAPILLONNER,サガール,,
PAPRIKA,サガール,,
paquet,サガール,,
PAR ICI,SASAGE,,
Paraboot,SASAGE,中高,
PARADIS,サガール,,
PARADIS COULEUR,サガール,,
PARADIS TERRE,サガール,,
Paradise Picnic,サガール,,
PARADISO,サガール,,
PARADOX,サガール,,
Paragraph,SASAGE,※フェイク注意 ,
PARANOID,サガール,,
PARASUCO,SASAGE,,
Paratiisi,サガール,,
ParAvion,サガール,,
PARIGOT,サガール,,
Park Lane,サガール,,
PARROTT CANVAS,SASAGE,,
PARTY PARTY,サガール,,
Party People,サガール,,
pas de calais,SASAGE,,
PASCAL MILLET,サガール,,
PASHMA,サガール,,
Pashmina,サガール,,
passage mignon,サガール,,
passage mignon/flaneur,サガール,,
Pastel Maam,サガール,,
PATACHOU,サガール,,
patagonia,SASAGE,中高,
Patchy Cake Eater,サガール,,
PATRICK,SASAGE,,
PATRICK COX,SASAGE,,
PATRICK STEPHAN,SASAGE,,
PATRIK ERVELL,サガール,,
PATRIZIA-PEPE,SASAGE,,
Patta,SASAGE,,
patterntorso,サガール,,
Patti,サガール,,
Patti Cloth,サガール,,
Paul Frank,SASAGE,,
Paul Smith, SASAGE,,
PAUL SMITH COLLECTION, SASAGE,,
Paul Smith JEANS, SASAGE,,
PAUL STUART,サガール,,
PAUL＆JOE,サガール,,
PAUL＆JOE SISTER,サガール,,
PAULE KA,SASAGE,,
PAURIC SWEENEY,サガール,,
PAUW,サガール,,
PEACE PROJECT,サガール,,
Peachoo+Krejberg,サガール,,
PEAK＆PINE,サガール,,
PeakPerformance,SASAGE,,
PEAKS,サガール,,
PEAKS PEAK,サガール,,
PEANUTS,サガール,,
PEANUTS BANANA,サガール,,
pedro garcia,サガール,,
PEEP,サガール,,
pelican avenue,サガール,,
pelleterno,SASAGE,,
PELLETTERIA VENETA,サガール,,
PELLICO,SASAGE,中高,
PEN FIELD,サガール,,
Pen＆Hand,サガール,,
Pencey,サガール,,
PENDLETON,SASAGE,,
Penguin,サガール,,
PENNEY'S,サガール,ジャケット類、コラボ、古そうなものはSASAGE,
PENSEE,SASAGE,,
pense'e,サガール,,
Penthouse,サガール,,
People Tree,SASAGE,,
PEPITA D'ORO,SASAGE,,
Perfect Suit FActory (P.S.FA),サガール,,
PERFUME BY COOLA,サガール,,
PEROFIL,サガール,,
persil,サガール,,
Persodea,サガール,,
persol,サガール,,
Pertini,サガール,,
PERVERZE,サガール,,
PESERICO,サガール,,
Peter Jensen,SASAGE,,
Peter Som,SASAGE,,
PETER＆co.,サガール,,
PETERS MOUNTAIN WORKS,サガール,,
Petirobe,サガール,,
PETIT BATEAU,SASAGE,,
Petit Costume,サガール,,
Petit jam,サガール,,
petit main,サガール,,
petite mendigote,SASAGE,,
petite robe noire,サガール,,
Petro Zillia,サガール,,
peu pres,サガール,,
Peuterey,サガール,,
PF-FLYERS,SASAGE,,
PHATEE,サガール,,
Phebely,サガール,,
PHEENY,SASAGE,,
phenix,SASAGE,中高,
PHENOMENON, SASAGE,,
Pherrow's,SASAGE,中高,
PHIGVEL,SASAGE,,
PHILIPP PLEIN,サガール,※商社必須,
PHILIPPE AUDIBERT,SASAGE,,
Philippe FERRANDIS,サガール,,
PHILIPPE MODEL,SASAGE,,
philo,サガール,,
PHILOSOPHY,SASAGE,,
PHILOSOPHY DI ALBERTA FERRETTI,SASAGE,,
PHINGERIN,サガール,,
phoebe,サガール,,
PHONO,サガール,,
PHOTOCOPIEU,サガール,,
PIASPORTS,サガール,,
piau piau,サガール,,
PICCADILLY,サガール,,
Piche abahouse,SASAGE,,
PIECE OF CHORD,サガール,,
Pier Antonio gaspari,サガール,,
PIERRE BALMAIN,SASAGE,,
pierre cardin,SASAGE,,
PIERRE HARDY,SASAGE,,
Pierre.Louis Mascia,SASAGE,,
Pietro Alessandro,サガール,,
PIG＆ROOSTER,サガール,,
PIGRA,サガール,,
Pilgrim Surf Supply, SASAGE,,
Pimientos,サガール,,
PINCEAU,サガール,,
Pincponc,サガール,,
PINEAPPLE JUICE,サガール,,
PINEAPPLECOUNTRY,サガール,,
pink adobe,サガール,,
PINK HOUSE,SASAGE,,
pink poodle,サガール,,
Pink-latte,サガール,,
PINKO,SASAGE,,
PINKY＆DIANNE,SASAGE,,
Pinza,サガール,,
Pippichic,サガール,,
PISTORELO,サガール,,
Pitti,サガール,,
pj*s,サガール,,
plage,サガール,,
PLAIN CLOTHING,サガール,,
PLAIN PEOPLE,SASAGE,,
PLAN C,SASAGE,,
Planet blue world,サガール,,
Plantation,SASAGE,,
plantica,サガール,,
PLASTIC ISLAND,サガール,,
Platinum moussy,サガール,,
PLAY by c.ronson,サガール,,
PLAY COMME des GARCONS,SASAGE,※商社必須 ※フェイク注意,
PLAYBOY,サガール,,
PLEASE,サガール,,
PLEASURE DOING BUSINESS,サガール,,
PLEASURES, SASAGE,,
PLEATS PLEASE, SASAGE,,
Pledge,サガール,,
PLEIN,サガール,,
PLEIN SUD,サガール,,
Plein Sud Jeans,サガール,,
PLENTY,SASAGE,,
PLST,サガール,,
PLUIE,サガール,,
plumpynuts,SASAGE,,
Plus Vendome,サガール,,
Pobra,サガール,,
POET MEETS DUBWISE,サガール,,
Poetry of sex,サガール,,
POINTER,SASAGE,,
pokit,SASAGE,,
POLAR, SASAGE,,
polcadot,サガール,,
Poleci,サガール,,
POLeR,SASAGE,,
POLeR OUTDOOR STUFF,SASAGE,,
POLICE, SASAGE,,
Pollin,サガール,,
POLLINI,SASAGE,,
Polo by Ralph Lauren , SASAGE,※真贋必須 ※低は3000円,
POLO COUNTRY, SASAGE,※真贋必須 ※低は3000円,
POLO RALPH LAUREN, SASAGE,※真贋必須 ※低は3000円,
POLO SPORT, SASAGE,※真贋必須 ※低は3000円,
POLYPLOID, SASAGE,中高,
POMTATA,SASAGE,,
PONTE VECCHIO,サガール,,
PONTI,サガール,,
PONY,SASAGE,,
POOL SIDE,サガール,,
POPCORN,サガール,,
poral.,サガール,,
PORT CANVAS,サガール,,
PORTER,SASAGE,,
Porter Classic, SASAGE,中高,
Porter des boutons,SASAGE,,
post amenities,サガール,,
POST OVERALLS,SASAGE,,
PotioR,SASAGE,,
POU DOU DOU,サガール,,
pour deux,サガール,,
pour la frime,サガール,,
POUR LA VICTOIRE,SASAGE,,
PPQ,サガール,,
PR01.,サガール,,
PRADA,SASAGE,※ブランド　中高,
PRADA SPORT,SASAGE,※ブランド　中高,
PRAHA,サガール,,
Pray Hotel,サガール,,
PRD,サガール,,
PREEN,SASAGE,,
PREMIATA,SASAGE,,
PREMIUM,サガール,,
Pretty Ballerinas,SASAGE,,
Pretty Green,サガール,,
Preview,サガール,,
prideglide,サガール,,
PRIMA ATTRICHE,サガール,,
PRIMA CLASSE,SASAGE,,
PRIMAL ENGINE,サガール,,
PRINCE PETER,サガール,,
Pringle,SASAGE,,
PRINGLE 1815,SASAGE,,
Printstar,サガール,,
prix de fleur,サガール,,
PRODISM,サガール,,
PRODUCT,サガール,,
PRODUCT CLASSICS,サガール,,
PROENZA SCHOULER,SASAGE,,
PROGRAM,サガール,,
Project e,サガール,,
PROJECT SR'ES,サガール,,
PRO-Keds,SASAGE,,
PROPAGANDA,サガール,,
PROPORTION BODY DRESSING,サガール,,
PROPPER,サガール,,
PROSPECTIVE FLOW,サガール,,
PROVENSEN,サガール,,
PRPS,SASAGE,,
Psycho Bunny,SASAGE,,
PSYCHO WORKS,サガール,,
psychological metamorphosis,サガール,,
PT01, SASAGE,,
PT05, SASAGE,,
pual ce cin,サガール,,
pualani,サガール,,
PUBLIC EYES,サガール,,
PUBLIC IMAGE,サガール,,
Public Library,サガール,,
PUBLIC TOKYO,SASAGE,,
PUBLUX,サガール,,
puch,サガール,,
PUEBCO,サガール,,
PUERTA DEL SOL,SASAGE,,
PUMA,SASAGE,,
PUMA by MIHARA YASUHIRO,SASAGE,,
PUMA urban mobility by hussein chalayan, SASAGE,,
punto pigro,サガール,,
PUNYUS,サガール,,
PURA LOPEZ,サガール,,
Pure Soeur,サガール,,
Purified,サガール,,
PURPLE END,サガール,,
purple＆yellow,サガール,,
PUSH CONNECTION,サガール,,
pyjama clothing,サガール,,
PYRENEX,SASAGE,,
Q,サガール,,
Q TO P,サガール,,
QL MansionMaker,サガール,,
Qnine（9）,サガール,,
Qojelly,サガール,,
Q-pot.,SASAGE,,
QTUME,サガール,,
quadro,サガール,,
qualite,SASAGE,,
qualite scape,サガール,,
Quality Peoples,SASAGE,,
quaranciel,サガール,,
Quarter Gemini,サガール,,
quartierglam,サガール,,
QUEENE AND BELLE,SASAGE,,
QUEENS COURT,SASAGE,,
QUENCH,サガール,,
QUENCHLOUD,サガール,,
Quesorvel,サガール,,
Quiksilver,サガール,,
Quote,サガール,,
quotie use fith,サガール,,
Qussio,サガール,,
R＆E,サガール,,
R＆E rosessence,サガール,,
R＆Y AUGOUSTI,サガール,,
R.H. Vintage,SASAGE,※商社必須 ※フェイク注意,
R.NEWBOLD,サガール,,
R.V.W,サガール,,
R13,SASAGE,,
Ra Dieux Dieuse,サガール,,
Rab,SASAGE,,
RABEANCO,SASAGE,,
Rabens Saloner,SASAGE,,
RACAL,SASAGE,,
RACHEL ANTONOFF,SASAGE,,
Rachel Comey,SASAGE,,
Rachel pally,SASAGE,,
RACY RADIANT,サガール,,
rad blue,サガール,,
rada,SASAGE,,
READYMADE,SASAGE,※真贋必須　中高,
RADIALL, SASAGE,,
radiance de SYHSE,サガール,,
RADIATE,サガール,,
RADICAL 50/50byMAGIC NUMBER,サガール,,
RADIO EVA,サガール,,
Rady,SASAGE,※商社必須,
RAEN,SASAGE,,
RAF BY RAF SIMONS, SASAGE,※商社必須　中高,
RAF SIMONS,SASAGE,※商社必須 ※フェイク注意　中高,
rafe NEW YORK,SASAGE,,
RAFF＆FREE,サガール,,
RAFFAELE CARUSO,SASAGE,,
rag ＆ bone, SASAGE,,
RAGDOLL ＆ ROCKETS,サガール,,
rage,サガール,,
RAGEBLUE,サガール,,
Rags McGREGOR,サガール,,
Rags Unite due Narcissus,サガール,,
RAIF ADELBERG,サガール,,
RAILROAD,サガール,,
Rails,SASAGE,,
rain cheetah,サガール,,
RAINBOW,サガール,,
RAINBOW SANDALS,SASAGE,,
Rainc＆reetah,サガール,,
RAINMAN,サガール,,
RALPH LAUREN, SASAGE,※真贋必須 ※低は3000円,
Rametto Belly,サガール,,
RANCOURT,SASAGE,,
RANDA,SASAGE,,
RANDOM,サガール,,
Raparo,サガール,,
rapiecage,サガール,,
RA-RE,サガール,,
ras,SASAGE,,
RASPBERRY BERET,サガール,,
RATS, SASAGE,,
RATTLE TRAP,サガール,,
RAUDI,サガール,,
RAVEL,サガール,,
Ravijour,SASAGE,,
RAW FUDGE,サガール,,
RAW POWER,サガール,,
Rawtus,SASAGE,,
Ray BEAMS, SASAGE,,
Ray Cassin,サガール,,
Ray-Ban,SASAGE,,
RBS,サガール,,
RBT,サガール,,
RCWB,サガール,,
re construct,サガール,,
RE ENVY,サガール,,
RE.ACT,サガール,,
Re.Verofonna,サガール,,
Re:EDIT,サガール,,
REAC,サガール,,
Ready for the Weekend,サガール,,
READY MADE,SASAGE,※真贋必須,
REAL McCOY’S,SASAGE,,
REALIZE,サガール,,
realmad HECTIC,サガール,,
REATS TAILOR ZAZOUS,サガール,,
Rebecca,サガール,,
REBECCA TAYLOR,SASAGE,,
REBECCAMINKOFF,SASAGE,,
RebeL,サガール,,
Rebel Yell,サガール,,
Rebirth,サガール,,
Rebuild by Needles,SASAGE,中高,
reca,サガール,,
Rechercher,サガール,,
Recreational Vehicle,サガール,,
recs,サガール,,
RECYCLAGE,サガール,,
RED CARD,SASAGE,,
Red Carpet,サガール,,
RED CLOVER,サガール,,
RED COVER,サガール,,
RED EAR,SASAGE,※フェイク注意 ,
RED HEAD,サガール,,
RED KAP,サガール,,
Red Monkey,サガール,,
RED PEPPER,SASAGE,※商社必須 ,
RED Profile,サガール,,
RED SEAM,サガール,,
RED VALENTINO,SASAGE,※商社必須 ※フェイク注意,
RED WING,SASAGE,※フェイク注意 ,
REDDY APPLESEED,サガール,,
REDMOON, SASAGE,,
REDYAZEL,サガール,,
Reebok,SASAGE,,
REEF,サガール,,
Reefur,サガール,,
Reene,サガール,,
Reflect,サガール,,
REFLEM,サガール,,
REGAL,SASAGE,,
REGAL FRIEND,サガール,,
REGALO,サガール,,
Regina Regis Rain,サガール,,
rehacer,SASAGE,,
RehersalL,SASAGE,,
Reign,サガール,,
REIGNING CHAMP, SASAGE,,
Reir,サガール,,
REISS,SASAGE,,
REKISAMI,SASAGE,,
relacher,サガール,,
Relate,サガール,,
RELIGION,SASAGE,,
Relwen,SASAGE,,
REMI RELIEF, SASAGE,,
remi＆reid,サガール,,
remilla,サガール,,
REN,サガール,,
RＥNA LANGE,サガール,,
Rene,SASAGE,,
RENE CAOVILLA,サガール,,
repetto,SASAGE,,
REPIPI ARMARIO,サガール,,
REPLAY,SASAGE,※商社必須 ,
repos,サガール,,
REPRODUCTION OF FOUND,SASAGE,,
RES DENIM,SASAGE,,
RESERVED NOTE,サガール,,
Resexxy,サガール,,
RESISTANCE,サガール,,
RESONATE GOODENOUGH,サガール,,
RESOUND CLOTHING,サガール,,
RESTERODS,サガール,,
RESTIR,SASAGE,,
retaW,サガール,,
RETRO GIRL,サガール,,
Rettle Black,サガール,,
REVE D'UN JOUR,サガール,,
Revelations/,サガール,,
REVERSAL,サガール,,
revionnet,サガール,,
REVISITATION,サガール,,
revo,サガール,,
REVOLVER,サガール,,
REVROSSA CLARITY,サガール,,
Rew de Rew,サガール,,
reyn spooner,SASAGE,,
REZOY,サガール,,
RHIE,サガール,,
RHRB,サガール,,
rhythm,サガール,,
RHYTHM FOOTWEAR,サガール,,
Rhythm of Life,サガール,,
R'iam-plage,SASAGE,,
Ribbon hakka kid's,サガール,,
Riberce,サガール,,
Riccimie NEW YORK,サガール,,
RICEND,サガール,,
rich,サガール,,
RICHMOND,SASAGE,※商社必須 ,
Rick ＆ Roy,サガール,,
Rick Owens,SASAGE,※商社必須 ※フェイク注意　中高,
Rickowens lilies,サガール,,
RICO,サガール,,
RICO GOLD,サガール,,
RIDING HIGH,サガール,,
Rie miller,SASAGE,,
RIELABO,サガール,,
rienda,SASAGE,,
rifanne,サガール,,
Right-on,サガール,,
rihka,サガール,,
Rijoui,サガール,,
Rika,SASAGE,,
rikolekt,サガール,,
ril:commune,サガール,,
rim,サガール,,
RIM.ARK,SASAGE,,
rimsing,サガール,,
Rinajour,サガール,,
RiNc,サガール,,
RINEN,サガール,,
RING JACKET,サガール,,
RING MILANO,サガール,,
Ringhio,サガール,,
RIOBERA,サガール,,
RIP N DIP, SASAGE,,
Riprap,サガール,,
ripvanwinkle, SASAGE,,
Rirandture,サガール,,
Risa Magli,サガール,,
RISING SUN ＆Co.,SASAGE,,
RISTO BIMBILOSKI,サガール,,
RITA JEANS TOKYO,SASAGE,,
Rito,サガール,,
RIVE DROITE,サガール,,
RIVER ISLAND,SASAGE,,
Rivet＆Blue,サガール,,
Rivieras,サガール,,
Riz raffinee,サガール,,
RLIGHTs,サガール,,
RLX, SASAGE,※真贋必須 ※低は3000円,
RMAF,サガール,,
RNA,サガール,,
roar, SASAGE,,
roarguns, SASAGE,,
robbem,サガール,,
robe de chambre COMME des GARCONS, SASAGE,※商社必須 ,
ROBERT CARY-WILLIAMS,サガール,,
Robert Clergerie,サガール,,
ROBERT GELLER,サガール,,
robert rodriguez,サガール,,
Roberta camerino,サガール,,
ROBERTA DI CAMERINO,SASAGE,,
ROBERTA GANDOLFI,SASAGE,,
ROBERTA SETTELS,SASAGE,,
roberto cavalli,SASAGE,,
ROBERTO COLLINA,サガール,,
Roberto del Carlo,サガール,,
ROBERTO MASSINI,サガール,,
Roberto Musso,サガール,,
ROBERTO RINALDI,サガール,,
ROBES＆CONFECTIONS,サガール,,
ROBIN'S JEAN,サガール,※商社必須,
robita,サガール,,
ROC STAR,サガール,,
ROCHEL,サガール,,
Rock ＆ Republic,SASAGE,※商社必須,
Rock Steady,サガール,,
ROCKMOUNT,サガール,,
ROCKPORT,SASAGE,,
Rockstars ＆ ANGELS,サガール,,
rocky monroe,サガール,,
Rocky Mountain FeatherBed,SASAGE,中高,
RODA,SASAGE,,
RODE SKO,SASAGE,,
RODEN,サガール,,
Rodeo Crowns,サガール,,
RODEO CROWNS WIDE BOWL,サガール,,
RODO,サガール,,
RODOLPHE MENUDIER,SASAGE,,
ROEN,SASAGE,,
Roen Produced by HIROMUTAKAHARA,SASAGE,,
ROGAN,SASAGE,,
Rohw master product,サガール,,
roial,サガール,,
ROJAS,SASAGE,,
ROJITA,サガール,,
rokh,SASAGE,,
ROKX,サガール,,
ROLA,サガール,,
ROLLAND BERRY,SASAGE,,
ROLLING CRADLE, SASAGE,,
ROLLING DUB TRIO,SASAGE,中高,
romar quee,サガール,,
ROMEO ＆ JULIET COUTURE,SASAGE,,
ROMEO GIGLI,SASAGE,,
Ron Herman,SASAGE ,※商社必須,
Roomys,サガール,,
ROOTOTE,サガール,,
ROPE',SASAGE,,
ROPE' mademoiselle,SASAGE,,
ROPE PICNIC,サガール,,
ROPE' PICNIC,サガール,,
rosa mosa,サガール,,
Rosarymoon,サガール,,
ROSE BUD,SASAGE,,
ROSE DE MARRAKECH,サガール,,
ROSE FAN FAN,サガール,,
rose＆rose,サガール,,
ROSEanna,サガール,,
rosebullet,サガール,,
Rosemont,サガール,,
ROSIER,サガール,,
ROSSINI,SASAGE,,
ROSSO,サガール,,
ROSSO URBAN RESEARCH,サガール,,
ROSTER SOX,SASAGE,,
rosy monster,サガール,,
ROTAR,サガール,,
ROTTWEILER, SASAGE,,
Rouge Fonce,サガール,,
Rouge vif,サガール,,
Rouge vif la cle,サガール,,
rougeloup,サガール,,
ROUGH and RUGGED,サガール,,
Rough Roses,サガール,,
ROUND HOUSE,サガール,,
ROUNDEL by London Underground,サガール,,
rous,サガール,,
rovtski,サガール,,
ROXY,サガール,,
ROYAL ELASTICS,サガール,,
ROYAL FLASH,サガール,,
ROYAL ORDER,SASAGE,※ギャラ必須 ,
ROYAL PARTY,サガール,,
Royal Pussy,サガール,,
RPKO,サガール,,
rps,サガール,,
RRL, SASAGE,※真贋必須 ※低は3000円　中高,
RSVP,サガール,,
Rubb,サガール,,
RUBBER DUCK,サガール,,
RUBBER KILLER,サガール,,
rubecksen yamanaka,サガール,,
Rubyrivet,サガール,,
Ruchecuff,サガール,,
RUCO LINE,サガール,,
RUDE GALLERY, SASAGE,,
RUDIES,サガール,,
Rue de B,サガール,,
RUE DELA POMPE,サガール,,
Rue du Mail,サガール,,
RueBelle designs,サガール,,
RUEHL No.925,サガール,,
RUGBY, SASAGE,,
RUGGED FACTORY,サガール,,
RUGIADA,サガール,,
RUIRUE BOUTIQUE,SASAGE,,
rukkilill,サガール,,
RUMBLE RED,サガール,,
rupert,サガール,,
RUPERT SANDERSON,SASAGE,,
RUSSELL ATHLETIC,サガール,,
RUSSELL MOCCASIN,サガール,,
Russeluno,SASAGE,,
russet,サガール,,
RUTZOU,サガール,,
RUUBON,サガール,,
RVCA,サガール,,
rxmance,サガール,,
RYKIEL WOMAN,サガール,,
RYUICHIRO SHIMAZAKI homme,サガール,,
RYUZO NAKATA,サガール,,
RYZA,サガール,,
S&S,サガール,,
S.N.S. HERNING,サガール,,
S/DOUBLE,サガール,,
S’exprimer,サガール,,
sab street,サガール,,
sabena,サガール,,
SABLE CLUTCH,サガール,,
SABOTAGE,サガール,,
SABRE,サガール,,
Sabrina Martone,サガール,,
Saby,SASAGE,,
Sacai, SASAGE,中高,
sacai luck, SASAGE,中高,
SACCO Balletti,サガール,,
SACHIO KAWASAKI,サガール,,
SACRA,サガール,,
SADDLELITES,サガール,,
sage de cret,サガール,,
SAGLiFE,サガール,,
SAIL RACING,サガール,,
SAILOR'S,サガール,,
SAINT JAMES, SASAGE,,
SAINT LAURENT PARIS,SASAGE,※ブランド 　中高,
SAINT MARTIQUE,サガール,,
SAINT MICHAEL,SASAGE,※フェイク注意 　中高,
SAISON DE PAPILLON,サガール,,
SAKAGUCHI･KOSHI･FOR･BLAZE,サガール,,
SAKASA,サガール,,
sakayori,サガール,,
sakishimatokyo,サガール,,
Sally Scott,サガール,,
SALOMON,SASAGE,中高,
SALON,サガール,,
SALON D’PAULA,サガール,,
Salon de Balcony,サガール,,
Salon de la Trinite'/D'issy,サガール,,
saloon,サガール,,
SALOTTO,サガール,,
SALTWATER COWBOY,サガール,,
SALVAGE,サガール,,
Salvatore Ferragamo,SASAGE,※ブランド ,
Salvatore Piccolo,サガール,,
SALVY,サガール,,
Sam Edelman,サガール,,
Samansa Mos2,サガール,,
SAMANTHA KINGZ,サガール,,
SAMANTHA SILVA,サガール,,
Samantha Thavasa,サガール,,
Samantha Tiara,サガール,,
Samantha Vega,サガール,,
samantha wills,サガール,,
Samsonite,サガール,,
Samudra,サガール,,
SAMURAI JEANS,SASAGE,,
San Andres,サガール,,
San Diego Hat,サガール,,
SAN FRANCISCO,サガール,,
SAN HIDEAKI MIHARA,サガール,,
Sanca,サガール,,
SandBlaster by attack the mind 7,サガール,,
SANDERS,サガール,,
sandia,サガール,,
Sandie anap,サガール,,
Sandinista,サガール,,
Sandra Silveira,サガール,,
sandro,サガール,,
sands cigar beetle,サガール,,
Sandy Clause,サガール,,
SANGACIO,サガール,,
Sanita,サガール,,
Sans Arcidet,サガール,,
SANSOVINO 6,サガール,,
SANTA CRUZ,SASAGE,,
SANTACROCE,サガール,,
SANTASTIC!,サガール,,
SANTI,サガール,,
SANTONI,サガール,,
SAPeur,SASAGE,※フェイク注意 ,
Sara Jones,サガール,,
Sara Jones London,サガール,,
SARABANDE,サガール,,
Sarah Pinkman,サガール,,
SARAH＆BRED,サガール,,
Sarah's Bag,サガール,,
saranam,サガール,,
SARCASTIC,サガール,,
SARTORE,サガール,,
SARTORIA LATORRE,サガール,,
SASIBI,サガール,,
SASQUATCHfabrix., SASAGE,中高,
sass＆bide,サガール,,
SASSAFRAS,SASAGE,中高,
SASSON,サガール,,
satisfaction guaranteed,サガール,,
Satoh Mitsuo,サガール,,
satta,サガール,,
satur days new york city,サガール,,
saturdays new york city,サガール,,
SATURDAYS SURF NYC, SASAGE,,
Saucony,サガール,,
SAVE,サガール,,
SAVE Khaki,サガール,,
SAVE KHAKI UNITED,サガール,,
Sawa a la mode,サガール,,
SAXON,サガール,,
SAYA,サガール,,
SAYHELLO,サガール,,
SAZABY,サガール,,
SBCY Sport,サガール,,
SCALPERS,サガール,,
SCANNER,サガール,,
SCAPA,サガール,,
scartissue,サガール,,
SCENE DEUX,サガール,,
scene4 1/2,サガール,,
Scervino Street,サガール,,
SCHLUSSEL,サガール,,
schott,SASAGE,中高,
Scoler,サガール,,
SCOTCH GRAIN,サガール,,
SCOTCH＆SODA, SASAGE,,
SCREEN STARS,サガール,,
Scye,SASAGE,,
SCYE BASICS,SASAGE,,
SEA,サガール,,
sea new york,サガール,,
Seagreen,サガール,,
SeaRoomlynn,サガール,,
seaside freeride,サガール,,
Season Reason,サガール,,
SEBAGO,サガール,,
sec,サガール,,
SECOND LAB.,サガール,,
sedacle,サガール,,
SEE BY CHLOE,SASAGE,※ブランド ,
SEEALL, SASAGE,,
seedoek,サガール,,
SEEKER,サガール,,
seesaw,サガール,,
seesway satiate,サガール,,
SEEth,サガール,,
SEIKO,サガール,,
select MOCA,サガール,,
SELETTI,サガール,,
self-portrait,サガール,,
Selframe,サガール,,
selvedge,サガール,,
semanticdesign,サガール,,
SEMI COUTURE,サガール,,
seminead,サガール,,
SENCE OF PLACE,サガール,,
SENDRA,サガール,,
SENSE OF PLACE by URBAN RESEARCH,サガール,アウターはSASAGE,
sense of wonder,サガール,,
SENSI STUDIO,サガール,,
SENSO Diffusion,サガール,,
Sentore Amaranto,サガール,,
SENZ Umbrellas,サガール,,
septfois,サガール,,
SEQUEL,サガール,,
SEQUOIA,サガール,,
Seraph,サガール,,
Serendipity,サガール,,
SERENE Dept.,サガール,,
SERENITY.STILLMOMENT,サガール,,
SERGE THORAVAL,サガール,,
SERGEANT SALUTE,サガール,,
Sergio rossi,サガール,,
SERO,サガール,,
Serpui Marie,サガール,,
Sessun,サガール,,
SETAICHIRO,サガール,,
sete di Jaipur,サガール,,
SETT,サガール,,
Settimissimo,サガール,,
SETTING CRACKS,サガール,,
seven by seven, SASAGE,,
Seven for all mankind,サガール,,
SEVENDAYS＝SUNDAY,サガール,,
SEVENTY FOUR,サガール,,
SEVESKIG,SASAGE,,
SEXY DYNAMITE LONDON,サガール,,
SFIDA,サガール,,
shabon super hakka,サガール,,
SHADE by SHELLAC,サガール,,
SHADES OF GREIGE,サガール,,
SHAKA,サガール,,
SHAKE SHAKE,サガール,,
shama,サガール,,
SHANANA MIL,サガール,,
SHANTii,サガール,,
ShapeL,サガール,,
SHARE PARK,サガール,,
SHARE SPIRIT,サガール,,
SHAREEF,SASAGE,,
sharon wauchob,サガール,,
SHASHI,サガール,,
SHAUN SAMSON,サガール,,
She for me?,サガール,,
She just loves it,サガール,,
SHE TOKYO,SASAGE,中高,
SHEENA,サガール,,
SHEIN,サガール,,
SHEINAR,サガール,,
Shelby,サガール,,
SHELLAC,サガール,,
Shelly Island,サガール,,
SHENERY,サガール,,
SHIFFON,サガール,,
Shikica Tokyo,サガール,,
Shine,サガール,,
SHINE BE MODEL,サガール,,
SHINICHIRO ARAKAWA,サガール,,
SHINYAKOZUKA, SASAGE,,
Shinzone,SASAGE,,
SHIPLEY＆HALMOS,サガール,,
SHIPS,SASAGE,※カットソー/ボトムスはサガール,
SHIPS Any,サガール,,
SHIPS GENERAL SUPPLY,SASAGE,※カットソー/ボトムスはサガール,
SHIPS JET BLUE,SASAGE,※カットソー/ボトムスはサガール,
ships little black,サガール,,
Shirley Bredal,サガール,,
Shirley Temple,サガール,,
shirts．,サガール,,
Shoe BAR,サガール,,
SHOE BAR Deesse,サガール,,
shoes like pottery,サガール,,
Shoes of Prey,サガール,,
SHOO・LA・RUE,サガール,,
SHOO-LA-RUE,サガール,,
SHOOP, SASAGE,,
SHURON,サガール,,
SHUSHU,サガール,,
shuttle notes,サガール,,
Shwood,サガール,,
SIBLING,サガール,,
"Sidian,Ersatz ＆ Vanes",サガール,,
SIERA LEONE,サガール,,
SIERRA DESIGNS,サガール,,
Sieste Peau,サガール,,
SiFURY,サガール,,
SIGERSON MORRISON,サガール,,
Sign,サガール,,
SIGNAL SPORTS,サガール,,
SI-HIRAI,サガール,,
SI-HO SUP,サガール,,
Siia,サガール,,
SILAS,サガール,,
SILAS Grey,サガール,,
Silent by Damir Doma,サガール,,
Silent Sabbath,サガール,,
Sillage,SASAGE,,
silvain sylvian,サガール,,
SILVANO MAZZA,サガール,,
Silver Spoon,サガール,,
Silverlight,サガール,,
SILVIAN HEACH,サガール,,
SIMEON FARRAR,サガール,,
Simon Miller,サガール,,
SIMONE LIST,サガール,,
Simone Rocha,サガール,,
simonetta,サガール,,
SIMPLE LIFE,サガール,,
Simplicite,サガール,,
SINDEE,サガール,,
sinela,サガール,,
Sinequanone,サガール,,
SIRO,サガール,,
SISE,サガール,,
sisii,サガール,,
Si-Si-Si,サガール,,
SISLEY,サガール,,
Sissi Rossi,サガール,,
SISTERE,サガール,,
sita parantica,サガール,,
SIVIGLIA,サガール,,
Siwy,サガール,,
SIXPACK FRANCE,サガール,,
SKOOKUM,SASAGE,,
SKULL WORKS,サガール,,
SKY,サガール,,
SLADKY,サガール,,
SLANT WISE,サガール,,
SLAP SHOT,サガール,,
Sleek,サガール,,
Sleep,サガール,,
SLIDER,サガール,,
SLOPPY,サガール,,
SLOW,サガール,,
SLOW WEAR,SASAGE,,
slowgun,サガール,,
SLY,サガール,,
SM2 blue,サガール,,
SM2 keittio,サガール,,
SmackyGlam,サガール,,
SMADDY,サガール,,
smart pink,サガール,,
SMASH,サガール,,
SMELLY,サガール,,
SMIRNASLI,サガール,,
"SMIRNASLI GEM,",サガール,,
SMOKE＆COMPANY,サガール,,
Smokeout,サガール,,
Smoothy,サガール,,
smork,サガール,,
SNAP CLUB,サガール,,
snarl extra,サガール,,
sneep dip,サガール,,
sneeuw,サガール,,
snidel,SASAGE ,※商社必須,
snidel girl,サガール,,
Snow Peak,SASAGE,,
So 1:1,サガール,,
SO BY ALEXANDER VAN SLOBBE,サガール,,
so4u,サガール,,
soak,サガール,,
Soareak,サガール,,
SoccerJunky,サガール,,
SODASAN,サガール,,
soe,サガール,,
soe shirts,サガール,,
soffitto,サガール,,
SOFIE D'HOORE,サガール,,
sofuol,サガール,,
SOGOLI,サガール,,
soil,サガール,,
Soiree De hiromi,サガール,,
SOL ANGELS,サガール,,
SOLATINA,サガール,,
SOLCA,サガール,,
soleil,サガール,,
SOLIDO,サガール,,
SOLO PLUS,サガール,,
SOLO＆DOUBLE,サガール,,
SOLPRESA,サガール,,
SOMARTA,サガール,,
Somedays lovin,サガール,,
SOMETHING ELSE,サガール,,
somom＆co,サガール,,
SON OF THE CHEESE, SASAGE,中高,
SONIA RYKIEL,サガール,,
SONIC LAB,サガール,,
Sonny Label,SASAGE,,
Sono,サガール,,
sons de vie,サガール,,
SONTAKU,サガール,,
Sophia Chang for PUMA,サガール,,
Sophia Webster,サガール,,
Sophie Hulme,サガール,,
SOPHNET., SASAGE,,
SOPHYA,サガール,,
SOREL,サガール,,
SOSHIOTSUKI, SASAGE,中高,
SOU･SOU,サガール,,
SOULEIADO,サガール,,
Soulsmania Kids,サガール,,
SOUND◆MAN,サガール,,
SOUP,サガール,,
Sous Pied,サガール,,
SOUTH to SOUTH,サガール,,
South2 West8,SASAGE,中高,
SOUTIENCOL,サガール,,
Sov.(DOUBLE  STANDARD  CLOTHING),サガール,,
SOVEREIGN,サガール,,
SOWA,サガール,,
SP,サガール,,
SPACE,サガール,,
SPACE CRAFT,サガール,,
Spanish Harlem,サガール,,
SPAZIO ZERO,サガール,,
specchio,サガール,,
SPECIAL GOODS,サガール,,
SPELL BOUND,サガール,,
Sperry Top-Sider,サガール,,
spick＆span,サガール,,
Spick＆Span Noble,サガール,,
SPIGA,サガール,,
SPINGLE MOVE,サガール,,
SPINNS,サガール,,
Spiral Tempt,サガール,,
SPIRALGIRL,サガール,,
splendid,サガール,,
SPLOOSH.,サガール,,
Sport Performance,サガール,,
SPORTMAX,SASAGE,,
Sports Lab by atmos,サガール,,
Spring Court,サガール,,
SPUR,サガール,,
SPX,サガール,,
SPY,サガール,,
sqnz,サガール,,
SQUOVAL,サガール,,
SR'ES Rainbow,サガール,,
SR'ES RAINBOW STANDARD,サガール,,
Sretsis,サガール,,
SRIC,サガール,,
SSUR,サガール,,
SSZ,SASAGE,,
STABILIZER,サガール,,
STACCATO,サガール,,
Staircase,サガール,,
STALL,サガール,,
STAMMBAUM,サガール,,
STAMPD',SASAGE,※真贋必須,
Stampd' LA,SASAGE,※真贋必須,
STANCE,サガール,,
STANDARD CALIFORNIA, SASAGE,,
STANDARD SUPPLY,サガール,,
StandardWear,サガール,,
STANLYGUESS,SASAGE,※ギャラ必須 ,
STAR JEWELRY,サガール,,
STAR MELA,サガール,,
STARTER, SASAGE,,
STARTER BLACK LABEL,サガール,,
state of georgia,サガール,,
Steam and Thread,サガール,,
STEFANO GAMBA,サガール,,
STEFANO MANO,サガール,,
stefis,サガール,,
stein, SASAGE,中高,
STELLA CIFFON,サガール,,
STELLA McCARTNEY,SASAGE,※フェイク注意 ,
STELLA RITTWAGEN,サガール,,
STEPHAN SCHNEIDER,サガール,,
STEPHEN,サガール,,
STERLINGEAR,SASAGE,※ギャラ必須 ,
STEVE MADDEN,サガール,,
STEVE MONO,サガール,,
Steven Alan,SASAGE,中高,
STEVENSON OVERALL CO.,サガール,,
STIFF,サガール,,
STILL BY HAND, SASAGE,,
STILL GOOD,SASAGE,,
STILMODA,サガール,,
STITCH'S,サガール,※商社必須,
STOF,サガール,,
STOKTON,サガール,,
stola,サガール,,
STONE ISLAND,SASAGE,※フェイク注意 中高,
STOOGe,サガール,,
STOP LIGHT,SASAGE,※真贋必須,
STORAMA,サガール,,
STORMSEAL,サガール,,
story.,サガール,,
STRADA EST,サガール,,
stradivarius,サガール,,
STRAS BURGO,サガール,,
STRAW BALE DESIGN,サガール,,
STRAWBERRY-FIELDS,サガール,,
STREAM TRAIL,サガール,,
STUART WEITZMAN,サガール,,
studio CLIP,サガール,,
STUDIO D’ARTISAN,SASAGE,中高,
STUDIO NICHOLSON,SASAGE,中高,
STUDIO ORIBE,サガール,,
STUDIOUS,SASAGE,,
STUDIOUS:Lab,SASAGE,,
STUDY,サガール,,
STUNNING LURE,サガール,,
STUSSY,SASAGE,※フェイク注意 中高,
STUSSY LIVIN',SASAGE,※フェイク注意 ,
Stussy Women,SASAGE,※フェイク注意 ,
style com,サガール,,
STYLE CRAFT,サガール,,
STYLE DELI,サガール,,
STYLEMIXER,サガール,,
STYLESTALKER,サガール,,
Sua,サガール,,
Suave,サガール,,
SUB-AGE,サガール,,
Subciety, SASAGE,,
SueUNDERCOVER, SASAGE,中高,
SUEWONG,サガール,,
SUGAR CANE,SASAGE,,
SUGAR ROSE,サガール,,
SUGAR SPOON,サガール,,
SUGARHILL, SASAGE,,
Sugarhill Boutique,サガール,,
Suger Freak Footwear,サガール,,
Sugri,サガール,,
suicoke,サガール,,
SUIT SELECT,サガール,,
SULTAN,サガール,,
sulvam, SASAGE,,
sumi style,サガール,,
sun denis,サガール,,
SUN SURF,SASAGE,中高,
SUN/kakke,サガール,,
sunaokuwahara,サガール,,
Sunauna,サガール,,
SUNDAY WORKS,サガール,,
SUNDAY21,サガール,,
SUNDEK,サガール,,
Sundries by GOOD OL’,サガール,,
SunKu,サガール,,
sunner,サガール,,
SUNNY  SPORTS,SASAGE,,
Sunny C Sider,サガール,,
Sunny Landscape,サガール,,
Suno,サガール,,
SUNSEA, SASAGE,中高,
SUNSET CANDLE WORKS,サガール,,
SUNSHINE+CLOUD,サガール,,
SUNSPEL, SASAGE,,
SUORPUSS CLOTHING,サガール,,
SUPER,サガール,,
SUPER FINE,サガール,,
SUPER HAKKA,サガール,,
SUPERB,サガール,,
SUPERGA,サガール,,
SUPERTHANKS,サガール,,
SUPP. no one else,サガール,,
support surface,サガール,,
SUPRA,サガール,,
Supreme,SASAGE,※フェイク注意  中古,
Supreme.La.La,SASAGE,※フェイク注意 ,
SURREAL,サガール,,
surt,サガール,,
Susan Daniels,サガール,,
SUSANA MONACO,サガール,,
sutseso,サガール,,
suzuki takayuki,SASAGE,,
SWAGGER, SASAGE,,
SWANLAKE,サガール,,
Swanzy,サガール,,
SWAROVSKI,サガール,,
Swatch,サガール,,
SWATi,サガール,,
Sweep!! Los Angels,サガール,,
Sweet and Vicious,サガール,,
SWEET HEART,サガール,,
SWEET PEA,サガール,,
sweet＆sheep,サガール,,
Sweetees,サガール,,
SWILDENS,サガール,,
SWIMS,サガール,,
Sword Fish,サガール,,
Sybilla,サガール,,
Sympathy of Soul,サガール,,
Sync.,サガール,,
synchro crossings,サガール,,
synchronicity,サガール,,
SZEN,サガール,,
T BY ALEXANDER WANG, SASAGE,,
T.K GARMENT SUPPLY,サガール,,
T.U.K,サガール,,
t.yamai paris,サガール,,
TABITA,サガール,,
Tabitha Simmons,サガール,,
tabloid news,サガール,,
TACHIKARA,サガール,,
Tadashi Shoji,サガール,,
tady & king,SASAGE,中高,
taG.,サガール,,
TAGLIATORE,SASAGE,中高,
Tahti,サガール,,
TAI,サガール,,
TAION,SASAGE,中高,
TAISHI NOBUKUNI,サガール,,
Taka Nakayama,サガール,,
TAKA WEAR,サガール,,
TAKAHIRO MIYASHITA The SoloIst., SASAGE,中高,
TAKA-Q,サガール,,
TAKEO KIKUCHI,サガール,,
takeshi ienaga,サガール,,
TALBOTS,サガール,,
TALKING ABOUT THE ABSTRACTION,サガール,,
TALSA,サガール,,
tamao,サガール,,
TAMBU,サガール,,
Tamme,サガール,,
TANG!,サガール,,
TANGTANG, SASAGE,中高,
TAO COMME des GARCONS,サガール,※商社必須 ,
Tara Jarmon,サガール,,
TARO HORIUCHI,サガール,,
TASAKI,サガール,,
TASS STANDARD,サガール,,
TATABABY,サガール,,
TATAMI,サガール,,
TATEOSSIAN,サガール,,
TATOOSH,サガール,,
TATRAS, SASAGE,中高,
TAVERNITI SO JEANS,サガール,※商社必須,
TaylorMade,サガール,,
t-bags,サガール,,
TBC (Tokyo Basic Carat),サガール,,
TCSS,サガール,,
Te chichi,サガール,,
Te chichi TERRASSE,サガール,,
TEATORA, SASAGE,中高,
Teca/Helo Rocha,サガール,,
TED BAKER,サガール,,
TED COMPANY,SASAGE,,
Ted Rossi,サガール,,
Tee Dee,サガール,,
TEECHI,SASAGE,,
TELA,サガール,,
TELIC,サガール,,
TELLASON,サガール,,
Ten c, SASAGE,中高,
Tendence,サガール,,
TENDERLOIN,SASAGE,※商社必須 ※フェイク注意　中高,
TEN-EIGHT,サガール,,
TENTO,サガール,,
TERI JON,サガール,,
Terracuore,サガール,,
Terrem,サガール,,
TESSITURA MONTI,サガール,,
TETE HOMME,サガール,,
tetei,サガール,,
TETSU s.p.a,サガール,,
Teva,サガール,,
th product, SASAGE,,
THAKOON,サガール,,
The Ampal Creative,サガール,,
The BeauSnob,サガール,,
The Changeling,サガール,,
the Closet,サガール,,
THE DAY,サガール,,
THE DAY ON THE BEACH,サガール,,
The Dayz tokyo,サガール,,
the dilettante,サガール,,
THE DIRTY YOUTH,サガール,,
The Dress＆Co. HIDEAKI SAKAGUCHI,サガール,,
The DUFFER of ST.GEORGE,サガール,,
THE EDITOR,サガール,,
THE ELDER STATESMAN,サガール,,
THE EMPORIUM,サガール,,
The Endless Summer,サガール,,
THE FABRIC,サガール,,
THE FLAT HEAD,SASAGE,中高,
THE GINZA,サガール,,
THE GREAT FROG,SASAGE,※ギャラ必須 ,
The Hill-Side,サガール,,
THE HINOKI,サガール,,
The Hundreds,サガール,,
THE IMAGINARY FOUNDATION,サガール,,
the Jacksons,サガール,,
The Juliette show,サガール,,
THE LAST CONSPIRACY,サガール,,
THE LAUNDRESS NEW YORK,サガール,,
The Leather Satchel,サガール,,
THE MADE WEAR,サガール,,
THE NORTH FACE,SASAGE,※商社必須 ※フェイク注意　中高,
THE NORTH FACE PURPLE LABEL,SASAGE,※商社必須 ※フェイク注意　中高,
The PARLOR,サガール,,
THE PEOPLE VS.,サガール,,
The Ports of Call,サガール,,
THE RAGGED PRIEST,サガール,,
THE RERACS, SASAGE,中高,
The River,サガール,,
THE ROW, SASAGE,中高,
THE SCOTCH HOUSE,サガール,,
The SECRETCLOSET,サガール,,
THE SHARPER IMAGE,サガール,,
THE SHINZONE,SASAGE,中高,
THE SHOP TK,サガール,,
The Simpsons,サガール,,
THE SOVEREIGN HOUSE,サガール,,
THE SUPERIOR LABOR,サガール,,
THE TEST,サガール,,
THE TOE,SASAGE,,
THE TWELVE,サガール,,
The Virgnia,サガール,,
The Viridi-anne, SASAGE,,
THE YON,サガール,,
THEATER8,サガール,,
THEATRE PRODUCTS,サガール,,
TheDress＆Co.,サガール,,
Thee Hysteric XXX, SASAGE,,
THEE OLD CIRCUS,サガール,,
theory,SASAGE,,
theory luxe,SASAGE,,
There's no place like home,サガール,,
Therese  Rawsthorne,サガール,,
THERMADRY,サガール,,
theSakaki,SASAGE,,
Thevon,サガール,,
THEYSKENS THEORY,サガール,,
THIBAULT VAN DER STRAETE,サガール,,
Thierry Colson,サガール,,
THISIS,サガール,,
thisisneverthat, SASAGE,,
THOM BROWNE, SASAGE,※商社必須　中高,
THOMAS SIRES,サガール,,
THOMAS WYLDE,サガール,,
Thomas･Curtis,SASAGE,※真贋必須,
THOMSEN,サガール,,
THOUSAND MILE,サガール,,
thpry＋color,サガール,,
THRASHER,SASAGE,,
THREE BLIND MICE,サガール,,
three dots,サガール,,
Three floor,サガール,,
three unicorns,サガール,,
ThreeFourTime,サガール,,
thvm,サガール,,
Tialeeray,サガール,,
Tiara,サガール,,
tibi,サガール,,
TICCA,サガール,,
TIDEWAY,サガール,,
Tiein,サガール,,
TIENS ecoute,サガール,,
TIFFANY＆Co.,SASAGE,※ブランド 　中高,
TIGHTBOOTH, SASAGE,中高,
TIGORA,サガール,,
TIGRE BROCANTE,サガール,,
TILA MARCH,サガール,,
Tilak,SASAGE,中高,
TIM HAMILTON,サガール,,
TIMADAM,サガール,,
TIMAI,サガール,,
Timberland,SASAGE,中高,
TIMBUK2,サガール,,
TIMEX,SASAGE,,
tina：jojun,サガール,,
tinkpink,サガール,,
tinkpurple,サガール,,
TINTIN,サガール,,
TITE IN THE STORE,サガール,,
titicaca,サガール,,
Titilate Valet,サガール,,
titivate,サガール,,
TITTY,サガール,,
titty＆Co.,サガール,,
tivalt,サガール,,
TK,サガール,,
TMT,サガール,,
TMT Classic,サガール,,
To b. by agnes b.,サガール,,
TO BE CHIC,サガール,,
TO＆CO.,サガール,,
tobiuo,サガール,,
TOCCA,サガール,,
TOD’S,サガール,,
TODAYFUL,SASAGE,,
TODD SNYDER,サガール,,
TOE CUTTER,サガール,,
TOFF ＆ LOADSTONE,サガール,,
TOGA, SASAGE,中高,
TOGA PULLA, SASAGE,中高,
TOGA(VIRILIS）, SASAGE,中高,
toki doki,サガール,,
TOKUKO 1er VOL,サガール,,
TOKYO DRESS,サガール,,
TOKYO SANDALS,サガール,,
Tolani,サガール,,
TOLLFREE,サガール,,
TOM FORD, SASAGE,中高,
TOM REBL,サガール,,
TOM WOOD,SASAGE,中高,
tom＆hawk,サガール,,
tomber du ciel,サガール,,
TOMMY, SASAGE,,
Tommy Bahama,サガール,,
tommy girl,サガール,,
TOMMY HILFIGER, SASAGE,,
tomoki yurita,サガール,,
TOMORROWLAND,SASAGE,,
TOMS,サガール,,
TONELLO,サガール,,
Toni Pons,サガール,,
tonini,サガール,,
TOO LATE,サガール,,
toogood, SASAGE,中高,
TOOL faith,サガール,,
TOOLs,サガール,,
TOPIO,サガール,,
TOPMAN,サガール,,
TOPSHOP,サガール,,
TOPVALU,サガール,,
tordi,サガール,,
TORNADO MART,SASAGE,,
TORQUATA,サガール,,
Torrazzo Donna,サガール,,
TORY BURCH,SASAGE,※ブランド ,
TOUGH,サガール,,
TOUJOURS,サガール,,
TOUS,サガール,,
tous les deux ensemble,サガール,,
Tous Les Jours,サガール,,
TOVA,サガール,,
TOWNCRAFT,SASAGE,,
TOY PLANE,サガール,,
toy's box  by smaddy,サガール,,
TOYS McCOY,SASAGE,中高,
Tracy Reese,サガール,,
tracywatts,サガール,,
Trading Post,サガール,,
Traditional Weatherwear,SASAGE,中高,
Tramando,サガール,,
TRANS CONTINENTS,サガール,,
TRANS WORK,サガール,,
TRANSIT,サガール,,
Transvestite,サガール,,
TRAPPER,サガール,,
traumerei,サガール,,
TRAVAIL MANUEL,サガール,,
Travis Walker,SASAGE,※ギャラ必須 ,
TREASURE TOPKAPI,サガール,,
treesje,サガール,,
TRES,サガール,,
TRES chouette,サガール,,
triaa,サガール,,
Trianglesquare,サガール,,
Tricker's,サガール,,
TRICKorTREAT,サガール,,
TRICOT ALEXANDER WANG,SASAGE,,
tricot COMME des GARCONS, SASAGE,※商社必須 　中高,
Tricote,サガール,,
Trilogy,サガール,,
TRIOP,サガール,,
triple A,サガール,,
Triple Rund,サガール,,
TRIPP nyc,サガール,,
trippen,サガール,,
TRIPS,サガール,,
TRIPTYCH,サガール,,
TroisO,サガール,,
TROPOPAUSE,サガール,,
trosman,サガール,,
TROVATA,サガール,,
TROVE,サガール,,
troy bros,サガール,,
trstoration,サガール,,
TRUC,サガール,,
TRUE nyc,サガール,,
TRUE RELIGION,SASAGE,※商社必須 ※フェイク注意,
TRUNKSHOW,サガール,,
TRUNO by NOISE MAKER,サガール,,
TRUSSARDI,サガール,,
ts(s),サガール,,
TSUBI,サガール,,
tsukuru&lin,サガール,,
TSUMORI CHISATO,サガール,,
tsumori chisato CARRY,サガール,,
TSUMORI CHISATO DRESS,サガール,,
tsumori chisato JEWELRY,サガール,,
tsumori chisato Room,サガール,,
tsumori chisato SLEEP,サガール,,
tsumori chisato TRAVEL,サガール,,
tsumori chisato WALK,サガール,,
tsumu,サガール,,
TSURU,サガール,,
TSURU by ALESSANDRA STELLA,サガール,,
TTT_MSW,SASAGE,中高,
Tucker,サガール,,
TUESDAY NIGHT BAND PRACTICE,サガール,,
TUKI,サガール,,
TUMI,SASAGE,,
tumugu,サガール,,
turno jeana,サガール,,
Turtoise,サガール,,
TWEED MILL,サガール,,
TWELFTH STREET BY CYNTHIA VINCENT,サガール,,
twelve by twelve,サガール,,
TWENTY8TWELVE,サガール,,
twiggy,サガール,,
TWINKLE BY WENLAN,サガール,,
twinktwink,サガール,,
twisted heart,サガール,,
TWISTY,サガール,,
TWNROOM,サガール,,
Twokeys,サガール,,
twopeace,サガール,,
TYPE BLUE,サガール,,
tyuna physis,サガール,,
U CLOTHING,サガール,,
U STARS CLUB,サガール,,
ubasoku,サガール,,
UBIQ,サガール,,
UCLA,サガール,,
UCS,サガール,,
UEG,サガール,,
UES,SASAGE,,
UGG, SASAGE,,
Ujoh,SASAGE,中高,
uka,サガール,,
uke,サガール,,
ULI SCHNEIDER,サガール,,
ULKA AODRESS,サガール,,
Umbra,サガール,,
umbro,SASAGE,,
umii908（45R）,サガール,,
umit benan,サガール,,
UMPIRE,サガール,,
un dix cors,サガール,,
UN3D.,SASAGE,中高,
Unaca,サガール,,
UNBILICAL,サガール,,
UNCONDITIONAL,サガール,,
UNDAKOVRIT,サガール,,
undecorated MAN,サガール,,
UNDEFEATED, SASAGE,,
Un-Demi,サガール,,
UNDER ARMOUR,SASAGE,,
UNDER BAR RAW．,サガール,,
Under The Table,サガール,,
UNDERCOVER, SASAGE,※商社必須,
UNDERCOVER KIDS, SASAGE,※商社必須,
UNDERCOVERISM, SASAGE,中高,
UNDERGROUND,サガール,,
UNDERSON UNDERSON,SASAGE,,
une autre,サガール,,
UNE MANSION,サガール,,
unfield,サガール,,
UNFILO,サガール,,
UNFINISH,サガール,,
ungaro fever,サガール,,
Ungrid,サガール,,
UNICOM,サガール,,
UNIF,サガール,,
uniform experiment, SASAGE,中高,
UNION STATION,サガール,,
UNIQLO, ダウン・コラボはSASAGE,※それ以外サガール（ウルトラライトダウンも）,
UNIQUE,サガール,,
UNITED ARROWS,SASAGE,,
UNITED ARROWS ＆ SONS,SASAGE,,
united bamboo,サガール,,
UNITED NUDE,サガール,,
UNITED TOKYO,SASAGE,,
UNIVERSAL OVERALL,SASAGE,,
UNIVERSAL PRODUCTS,SASAGE,,
UNIVERVAL MUSE,サガール,,
Unknown,サガール,,
unobilie,サガール,,
unrelaxing,SASAGE,,
UNRIVALED,サガール,,
unruly,サガール,,
UNSQUEAKY,サガール,,
UNTITLED,SASAGE,,
UNTOLD,サガール,,
UNUSED, SASAGE,中高,
UP SMILE,サガール,,
UPSTART,サガール,,
UPTIGHT,サガール,,
Urban NOW,サガール,,
URBAN RESEARCH,SASAGE,,
URBAN RESEARCH DOORS,SASAGE,※カットソー・ボトムスはサガール,
URBAN RESEARCH ID,SASAGE,,
URBAN RESEARCH Sonny Label,SASAGE,,
Ur's,サガール,,
URSUS BAPE,サガール,,
URU, SASAGE,中高,
Us Versus Them,サガール,,
USEDo,サガール,,
Useless(wjk),サガール,,
UTAKI,サガール,,
Uttam London,サガール,,
V SEVEN TWELVE THIRTY,サガール,,
v::room,サガール,,
VA VENDOME AOYAMA,サガール,,
vabelogue,サガール,,
vacancy,サガール,,
VACATION,サガール,,
VADEL,サガール,,
Vadret Tellor,サガール,,
VAINL ARCHIVE, SASAGE,,
ValenTine’s High,サガール,,
VALENTINO,SASAGE,※商社必須 ,
VALENTINO GARAVANI,SASAGE,※商社必須 ,
valet,サガール,,
VALLEY HIGH,サガール,,
VALSTARINO,サガール,,
VAN JAC,SASAGE,,
vanessabruno,サガール,,
vangi,サガール,,
vanilla,サガール,,
VANILLA MOON,サガール,,
VANISHING ELEPHANT,サガール,,
VANNIEU,サガール,,
VANQUISH,サガール,,
VANS, SASAGE,,
VANS VAULT,サガール,,
VANSON,SASAGE,中高,
VANSPORTS,サガール,,
VAPORIZE,サガール,,
VARAL DE MODA,サガール,,
Varde77,サガール,,
Vargas,サガール,,
VARISISTA,サガール,,
VAROSH,サガール,,
vasco,サガール,,
VAUDE,サガール,,
VAUGHAN ALEXANDER,サガール,,
Vava by Joy Han,サガール,,
VCTO,サガール,,
VELETTO,サガール,,
velikoko,サガール,,
Velnica,サガール,,
Velva Sheen,サガール,,
velvet,サガール,,
Velvet Lounge,サガール,,
VENA CAVA,サガール,,
VENCE exchange,サガール,,
VENCE share style,サガール,,
VENCEEXCHANGE,サガール,,
VENDOME,サガール,,
vendor,サガール,,
VENERTA knitwear,サガール,,
Vera Bradley,サガール,,
VERA WANG,サガール,,
Verginia,サガール,,
Veritecoeur,サガール,,
Veronique Branquinho,サガール,,
VERSACE,SASAGE,※ブランド 　中高,
VERSACE JEANS COUTURE,サガール,,
verseau par gramme’s,サガール,,
VERSUS,サガール,,
VERTEX ＆ CO.,サガール,,
VERTREK,サガール,,
VERY J,サガール,,
Verybrain,サガール,,
VERYNERD,サガール,,
Vestal,サガール,,
Vestiaire,サガール,,
VETEMENTS,SASAGE,※真贋必須　中高,
VETRA,サガール,,
VIA BUS STOP,サガール,,
Via Repubblica,サガール,,
VIA SPARE,サガール,,
Viaggio Blu,サガール,,
VIBGYOR,サガール,,
VIBGYOR Women,サガール,,
VICINI,サガール,,
vickchara THRONE,サガール,,
VICKY,サガール,,
VICOMTE A.,サガール,,
VICTIM, SASAGE,,
VICTOR,サガール,,
VIDA＋,サガール,,
vidorreta,サガール,,
VIE,サガール,,
VIERGE,サガール,,
vihere,サガール,,
VII XII XXX SAINT TROPEZ,サガール,,
vikka,サガール,,
VIKTOR＆ROLF,サガール,,
VINCA,サガール,,
VINCE,サガール,,
VINCE CAMUTO,サガール,,
Vintage PEANUTS,サガール,,
VINTAGE55,サガール,,
VINTI ANDREWS,サガール,,
vinvert,サガール,,
Vinyl,サガール,,
VIOLA'dORO,サガール,,
Violet Buffalo Wallows,サガール,,
Violet Hanger by Samantha Thavasa,サガール,,
VIRGO,サガール,,
Viri Dari deserta,サガール,,
VIRUS,サガール,,
ViS,サガール,,
VISARUNO,サガール,,
vis-a-vis,サガール,,
Visco,サガール,,
VISION STREET WEAR,サガール,,
VISVIM, SASAGE,中高,
VITA FEDE,サガール,,
Vita-Mix,サガール,,
VIVA ANGELINA,サガール,,
VIVACE,サガール,,
VIVAYOU,サガール,,
VIVIENNE TAM,サガール,,
Vivienne Westwood,SASAGE,※商社必須 　中高,
Vivienne Westwood red label,SASAGE,※商社必須 　中高,
Vivier,サガール,,
VIVIFY,サガール,,
Vlas Blomme,サガール,,
VLONE,SASAGE,※フェイク注意 ,
VO/CEMA/L,サガール,,
VoCE,サガール,,
Vogli,サガール,,
VOGUISH,サガール,,
voiubel006,サガール,,
VOLCOM, SASAGE,,
VOLT,サガール,,
volta,サガール,,
VONDEL,サガール,,
VONZIPPER,サガール,,
VOO,サガール,,
Voom,サガール,,
VOT by takashi kumagai,サガール,,
VOTE MAKE NEW CLOTHES,サガール,,
votole,サガール,,
VOUS ETES,サガール,,
VT,サガール,,
VTOPIA,サガール,,
Vulture JOURNAL STANDARD,サガール,,
W by MURUA,サガール,,
w closet,サガール,,
W LOUNGE,サガール,,
W.＆L.T.,サガール,,
W.W.G,サガール,,
WA ORiental TRaffic,サガール,,
wa...lance,サガール,,
WACKO MARIA,SASAGE,※フェイク注意 　中高,
WAG,サガール,,
WALES BONNER,SASAGE,中高,
WALK IN CLOSET,サガール,,
WALK OVER,サガール,,
WALL,サガール,,
WALLA WALLA SPORT,サガール,,
Wallet COMME des GARCONS,SASAGE,※商社必須 　中高,
WALLSALL,サガール,,
WANDER SHOES,サガール,,
Wanderclad etc..,サガール,,
Wanderland,サガール,,
WANO NANO,サガール,,
WAREHOUSE,SASAGE,中高,
WARP AND WOOF,サガール,,
Waste(twice),サガール,,
water massage,サガール,,
Waterlily,サガール,,
WAYRG,サガール,,
WC,サガール,,
We Are,サガール,,
WE THE FREE,サガール,,
WEANGLER,サガール,,
WEAR THE PHILOSOPHY,サガール,,
WECK,サガール,,
wee9s,サガール,,
WEEJUNS,SASAGE,,
Weekend Max Mara,サガール,,
WEGO,サガール,,
WEIRDO,SASAGE,中高,
WELEDA,サガール,,
WELINA,サガール,,
welise,サガール,,
Wendine,サガール,,
we-nge,サガール,,
wesc,サガール,,
WESCO,SASAGE,中高,
WEST RIDE,SASAGE,中高,
WESTOVERALLS,サガール,,
Westwood Outfitters,サガール,,
What Goes Around Comes Around,サガール,,
WHATS NEW?,サガール,,
WHEREABOUTS,サガール,,
Whim Gazette,SASAGE,,
WHIMSY,SASAGE,※フェイク注意 ,
WHITE,サガール,,
WHITE HOUSE COX,SASAGE,中高,
WHITE LINE,サガール,,
WHITE MOUNTAINEERING, SASAGE,中高,
whitehorse,サガール,,
WHITELAND BLACKBURN,サガール,,
WHITE'S,SASAGE,中高,
WhiteTrashCharms,サガール,,
Whiting ＆ Davis,サガール,,
WHIZ LIMITED,サガール,,
who what,サガール,,
WHO'S WHO gallery,サガール,,
WhoWhat,サガール,,
WHYRED,サガール,,
wiffle,サガール,,
Wigage,サガール,,
WILD SWANS,サガール,,
WILDERNESS EXPERIENCE,サガール,,
WILDFOX,サガール,,
WILDTHINGS,SASAGE,中高,
willselection,サガール,,
wilson,サガール,,
WIM NEELS,サガール,,
Win＆Sons,サガール,,
WIND AND SEA, SASAGE,中高,
WING ROCK,サガール,,
wings+horns,サガール,,
Winter Kate,サガール,,
WIRED,サガール,,
wisdom,サガール,,
WISH FOREVER,サガール,,
Wizzard,サガール,,
wjk,SASAGE,,
WJKW,サガール,,
WLG by GIORGIO BRATO,サガール,,
WOLF’S HEAD,SASAGE,※真贋必須,
WOLVERINE,サガール,,
WOLVES KILL SHEEP,サガール,,
WOLY,サガール,,
WON HUNDRED,サガール,,
wonderland,SASAGE,,
wonem,サガール,,
WOOD WOOD,サガール,,
WOOLRICH,SASAGE,,
WOOYOUNGMI,サガール,,
WORK NOT WARK,サガール,,
WORK TRIP OUTFITS,サガール,,
WORKMAN Plus,サガール,,
WORLD BASICS,サガール,,
WORLD WIDE FAMOUS,サガール,,
WORLD WIDE LOVE!,サガール,,
WORLD WORKERS,サガール,,
WORN FREE,サガール,,
WR,サガール,,
Wrangler,SASAGE,,
WRAPINKNOT,サガール,,
WREN,サガール,,
WTAPS,SASAGE,※商社必須 ※フェイク注意,
WU-TANG,サガール,,
WXL,サガール,,
WYM,サガール,アウター系はSASAGE,
XAMPAGNE,サガール,,
xelle,サガール,,
XEROSEN,サガール,,
X-girl,SASAGE,,
xhilaration,サガール,,
XLARGE, SASAGE,,
XPARTYS,サガール,,
XX FOUR,サガール,,
XXⅢ C’est Vingt-Trois,サガール,,
Y.M.D.O.,サガール,,
Y.M.WALTS,サガール,,
Y’s bis LIMI, SASAGE,中高,
Y’s for men, SASAGE,中高,
Y'2 LEATHER,SASAGE,中高,
Y-3, SASAGE,中高,
Ya Los Angeles,サガール,,
YAB-YUM,サガール,,
YAECA,SASAGE,,
YAHKI,サガール,,
YAMANE,SASAGE,,
yantor,サガール,,
YANUK,SASAGE,※商社必須 ,
yaponskii,サガール,,
Yarmo,サガール,,
yarra,サガール,,
YASHIKI,SASAGE,,
Yasue Carter,サガール,,
Yasutoshi Ezumi,サガール,,
Yasuyuki Ishii,サガール,,
YEAH RIGHT!!,サガール,,
YEAR,サガール,,
YEAR FEW OF MY FAVORITE THINGS,サガール,,
YECCA VECCA,サガール,,
YELLOW RUBY,サガール,,
Yellow108,サガール,,
Yes I Have It!!!,サガール,,
yevs,サガール,,
Yiorgos Eleftheriades,サガール,,
YLANG YLANG,サガール,,
ylts,サガール,,
YMC,サガール,,
YOAK,SASAGE,,
YOANA BARASCHI,サガール,,
YOBOSS,サガール,,
Yochi Design,サガール,,
Yochi NEW YORK,サガール,,
Yohji Yamamoto, SASAGE,中高,
YOKANG,サガール,,
YOKE, SASAGE,中高,
YOKO CHAN,SASAGE,中高,
YOKO D’OR,サガール,,
YONEX,サガール,,
YORKLAND,サガール,,
yoshie inaba,サガール,,
yoshio kubo,サガール,,
YOSHIYUKI KONISHI,サガール,,
YOSUKE,サガール,,
YOTA TOKI,サガール,,
YOU authentic,サガール,,
YOUING,サガール,,
Younger Song,サガール,,
Youu,サガール,,
Y's, SASAGE,中高,
Y's for living, SASAGE,中高,
YSTRDY'S TMRRW,SASAGE,,
yu:yu:,サガール,,
yudleg,サガール,,
YUEN'TO,サガール,,
Yuge,サガール,,
YUKETEN,サガール,,
yukiemon,サガール,,
yukisaburo watanabe,サガール,,
YUMA KOSHINO,サガール,,
yuni,SASAGE,,
yupendi,サガール,,
YURULI,サガール,,
Yves Saint Laurent,SASAGE,※ブランド 　中高,
YVES SALOMON,サガール,,
ZAC VARGAS,サガール,,
ZADIG＆VOLTAIRE,サガール,,
ZAKEE SHARIFF,サガール,,
ZANELLATO,サガール,,
ZANEROBE,サガール,,
ZANOBETTI,サガール,,
ZANONE,サガール,,
ZARA,サガール,※コラボ・アウターのみSASAGE,
ZARA WOMAN,サガール,,
Z-BRAND,サガール,,
zechia,サガール,,
Zegna,SASAGE,,
Zeha,サガール,,
ZEPPELIN,サガール,,
ZER,サガール,,
ZERO HALLIBURTON,SASAGE,,
Zero Maria Cornejo,サガール,,
Zhor＆Nema,サガール,,
ZINC,サガール,,
ZINNIAS,サガール,,
ZINTALA,サガール,,
ZOE KARSSEN,サガール,,
ZONE BLEUE,サガール,,
ZOO,サガール,,
Zootie,サガール,,
ZUCCa,サガール,,
αA,サガール,,
カオリノモリ,サガール,,
カオリノモリノコ,サガール,,
かぐれ,SASAGE,中高,
カヤ,サガール,,
ガルヴィ,サガール,,
ゴーシュ,SASAGE,,
こどまーく,サガール,,
サーフトリップジャーナル,サガール,,
しまむら,サガール,,
チチカカ,サガール,,
チャイハネ,サガール,,
ナチュリラ,サガール,,
ハチガハナ,サガール,,
ピーシーアイ,サガール,,
ヒムカシ製図,サガール,,
フェリシモ,サガール,,
ふりふ,サガール,,
ブレーン,サガール,,
ペギー ラナ,サガール,,
ライチ,サガール,,
リリシズム,サガール,,
葵産業,SASAGE,,
一澤信三郎帆布,サガール,,
快晴堂,SASAGE,,
喜一澤,サガール,,
銀座かねまつ,サガール,,
空ku,サガール,,
高蔵染,SASAGE,,
時しらず,SASAGE,,
自由区,SASAGE,,
女神織DENIMES,サガール,,
森野帆布,SASAGE,,
組曲,SASAGE,,
泰八郎謹製,SASAGE,※フェイク注意 ,
土屋鞄,SASAGE,中高,
東洋エンタープライズ,SASAGE,中高,
桃太郎ジーンズ,SASAGE,,
寅一,サガール,,
南京豆印,サガール,,
卑弥呼,サガール,,
夢展望,サガール,,
無印良品,サガール,,
乱痴気,SASAGE,,
論理, SASAGE,,
和ROBE,サガール,,
傳 tutaee,SASAGE,,
